aardvark_0,1.000000,0.000000,0.000000,1.000000,0.000000,0.000000,1.000000,1.000000,1.000000,1.000000,0.000000,0.000000,4.000000,0.000000,0.000000,1.000000,1,0
antelope_0,1.000000,0.000000,0.000000,1.000000,0.000000,0.000000,0.000000,1.000000,1.000000,1.000000,0.000000,0.000000,4.000000,1.000000,0.000000,1.000000,1,0
bass_0,0.000000,0.000000,1.000000,0.000000,0.000000,1.000000,1.000000,1.000000,1.000000,0.000000,0.000000,1.000000,0.000000,1.000000,0.000000,0.000000,4,0
bear_0,1.000000,0.000000,0.000000,1.000000,0.000000,0.000000,1.000000,1.000000,1.000000,1.000000,0.000000,0.000000,4.000000,0.000000,0.000000,1.000000,1,0
boar_0,1.000000,0.000000,0.000000,1.000000,0.000000,0.000000,1.000000,1.000000,1.000000,1.000000,0.000000,0.000000,4.000000,1.000000,0.000000,1.000000,1,0
buffalo_0,1.000000,0.000000,0.000000,1.000000,0.000000,0.000000,0.000000,1.000000,1.000000,1.000000,0.000000,0.000000,4.000000,1.000000,0.000000,1.000000,1,0
calf_0,1.000000,0.000000,0.000000,1.000000,0.000000,0.000000,0.000000,1.000000,1.000000,1.000000,0.000000,0.000000,4.000000,1.000000,1.000000,1.000000,1,0
carp_0,0.000000,0.000000,1.000000,0.000000,0.000000,1.000000,0.000000,1.000000,1.000000,0.000000,0.000000,1.000000,0.000000,1.000000,1.000000,0.000000,4,0
catfish_0,0.000000,0.000000,1.000000,0.000000,0.000000,1.000000,1.000000,1.000000,1.000000,0.000000,0.000000,1.000000,0.000000,1.000000,0.000000,0.000000,4,0
cavy_0,1.000000,0.000000,0.000000,1.000000,0.000000,0.000000,0.000000,1.000000,1.000000,1.000000,0.000000,0.000000,4.000000,0.000000,1.000000,0.000000,1,0
cheetah_0,1.000000,0.000000,0.000000,1.000000,0.000000,0.000000,1.000000,1.000000,1.000000,1.000000,0.000000,0.000000,4.000000,1.000000,0.000000,1.000000,1,0
chicken_0,0.000000,1.000000,1.000000,0.000000,1.000000,0.000000,0.000000,0.000000,1.000000,1.000000,0.000000,0.000000,2.000000,1.000000,1.000000,0.000000,2,0
chub_0,0.000000,0.000000,1.000000,0.000000,0.000000,1.000000,1.000000,1.000000,1.000000,0.000000,0.000000,1.000000,0.000000,1.000000,0.000000,0.000000,4,0
crab_0,0.000000,0.000000,1.000000,0.000000,0.000000,1.000000,1.000000,0.000000,0.000000,0.000000,0.000000,0.000000,4.000000,0.000000,0.000000,0.000000,7,0
crayfish_0,0.000000,0.000000,1.000000,0.000000,0.000000,1.000000,1.000000,0.000000,0.000000,0.000000,0.000000,0.000000,6.000000,0.000000,0.000000,0.000000,7,0
crow_0,0.000000,1.000000,1.000000,0.000000,1.000000,0.000000,1.000000,0.000000,1.000000,1.000000,0.000000,0.000000,2.000000,1.000000,0.000000,0.000000,2,0
deer_0,1.000000,0.000000,0.000000,1.000000,0.000000,0.000000,0.000000,1.000000,1.000000,1.000000,0.000000,0.000000,4.000000,1.000000,0.000000,1.000000,1,0
dogfish_0,0.000000,0.000000,1.000000,0.000000,0.000000,1.000000,1.000000,1.000000,1.000000,0.000000,0.000000,1.000000,0.000000,1.000000,0.000000,1.000000,4,0
dolphin_0,0.000000,0.000000,0.000000,1.000000,0.000000,1.000000,1.000000,1.000000,1.000000,1.000000,0.000000,1.000000,0.000000,1.000000,0.000000,1.000000,1,0
dove_0,0.000000,1.000000,1.000000,0.000000,1.000000,0.000000,0.000000,0.000000,1.000000,1.000000,0.000000,0.000000,2.000000,1.000000,1.000000,0.000000,2,0
duck_0,0.000000,1.000000,1.000000,0.000000,1.000000,1.000000,0.000000,0.000000,1.000000,1.000000,0.000000,0.000000,2.000000,1.000000,0.000000,0.000000,2,0
elephant_0,1.000000,0.000000,0.000000,1.000000,0.000000,0.000000,0.000000,1.000000,1.000000,1.000000,0.000000,0.000000,4.000000,1.000000,0.000000,1.000000,1,0
flamingo_0,0.000000,1.000000,1.000000,0.000000,1.000000,0.000000,0.000000,0.000000,1.000000,1.000000,0.000000,0.000000,2.000000,1.000000,0.000000,1.000000,2,0
flea_0,0.000000,0.000000,1.000000,0.000000,0.000000,0.000000,0.000000,0.000000,0.000000,1.000000,0.000000,0.000000,6.000000,0.000000,0.000000,0.000000,6,0
frog_0,0.000000,0.000000,1.000000,0.000000,0.000000,1.000000,1.000000,1.000000,1.000000,1.000000,0.000000,0.000000,4.000000,0.000000,0.000000,0.000000,5,0
frog1_0,0.000000,0.000000,1.000000,0.000000,0.000000,1.000000,1.000000,1.000000,1.000000,1.000000,1.000000,0.000000,4.000000,0.000000,0.000000,0.000000,5,0
fruitbat_0,1.000000,0.000000,0.000000,1.000000,1.000000,0.000000,0.000000,1.000000,1.000000,1.000000,0.000000,0.000000,2.000000,1.000000,0.000000,0.000000,1,0
giraffe_0,1.000000,0.000000,0.000000,1.000000,0.000000,0.000000,0.000000,1.000000,1.000000,1.000000,0.000000,0.000000,4.000000,1.000000,0.000000,1.000000,1,0
girl_0,1.000000,0.000000,0.000000,1.000000,0.000000,0.000000,1.000000,1.000000,1.000000,1.000000,0.000000,0.000000,2.000000,0.000000,1.000000,1.000000,1,0
gnat_0,0.000000,0.000000,1.000000,0.000000,1.000000,0.000000,0.000000,0.000000,0.000000,1.000000,0.000000,0.000000,6.000000,0.000000,0.000000,0.000000,6,0
goat_0,1.000000,0.000000,0.000000,1.000000,0.000000,0.000000,0.000000,1.000000,1.000000,1.000000,0.000000,0.000000,4.000000,1.000000,1.000000,1.000000,1,0
gorilla_0,1.000000,0.000000,0.000000,1.000000,0.000000,0.000000,0.000000,1.000000,1.000000,1.000000,0.000000,0.000000,2.000000,0.000000,0.000000,1.000000,1,0
gull_0,0.000000,1.000000,1.000000,0.000000,1.000000,1.000000,1.000000,0.000000,1.000000,1.000000,0.000000,0.000000,2.000000,1.000000,0.000000,0.000000,2,0
haddock_0,0.000000,0.000000,1.000000,0.000000,0.000000,1.000000,0.000000,1.000000,1.000000,0.000000,0.000000,1.000000,0.000000,1.000000,0.000000,0.000000,4,0
hamster_0,1.000000,0.000000,0.000000,1.000000,0.000000,0.000000,0.000000,1.000000,1.000000,1.000000,0.000000,0.000000,4.000000,1.000000,1.000000,0.000000,1,0
hare_0,1.000000,0.000000,0.000000,1.000000,0.000000,0.000000,0.000000,1.000000,1.000000,1.000000,0.000000,0.000000,4.000000,1.000000,0.000000,0.000000,1,0
hawk_0,0.000000,1.000000,1.000000,0.000000,1.000000,0.000000,1.000000,0.000000,1.000000,1.000000,0.000000,0.000000,2.000000,1.000000,0.000000,0.000000,2,0
herring_0,0.000000,0.000000,1.000000,0.000000,0.000000,1.000000,1.000000,1.000000,1.000000,0.000000,0.000000,1.000000,0.000000,1.000000,0.000000,0.000000,4,0
honeybee_0,1.000000,0.000000,1.000000,0.000000,1.000000,0.000000,0.000000,0.000000,0.000000,1.000000,1.000000,0.000000,6.000000,0.000000,1.000000,0.000000,6,0
housefly_0,1.000000,0.000000,1.000000,0.000000,1.000000,0.000000,0.000000,0.000000,0.000000,1.000000,0.000000,0.000000,6.000000,0.000000,0.000000,0.000000,6,0
kiwi_0,0.000000,1.000000,1.000000,0.000000,0.000000,0.000000,1.000000,0.000000,1.000000,1.000000,0.000000,0.000000,2.000000,1.000000,0.000000,0.000000,2,0
ladybird_0,0.000000,0.000000,1.000000,0.000000,1.000000,0.000000,1.000000,0.000000,0.000000,1.000000,0.000000,0.000000,6.000000,0.000000,0.000000,0.000000,6,0
lark_0,0.000000,1.000000,1.000000,0.000000,1.000000,0.000000,0.000000,0.000000,1.000000,1.000000,0.000000,0.000000,2.000000,1.000000,0.000000,0.000000,2,0
leopard_0,1.000000,0.000000,0.000000,1.000000,0.000000,0.000000,1.000000,1.000000,1.000000,1.000000,0.000000,0.000000,4.000000,1.000000,0.000000,1.000000,1,0
lion_0,1.000000,0.000000,0.000000,1.000000,0.000000,0.000000,1.000000,1.000000,1.000000,1.000000,0.000000,0.000000,4.000000,1.000000,0.000000,1.000000,1,0
lobster_0,0.000000,0.000000,1.000000,0.000000,0.000000,1.000000,1.000000,0.000000,0.000000,0.000000,0.000000,0.000000,6.000000,0.000000,0.000000,0.000000,7,0
lynx_0,1.000000,0.000000,0.000000,1.000000,0.000000,0.000000,1.000000,1.000000,1.000000,1.000000,0.000000,0.000000,4.000000,1.000000,0.000000,1.000000,1,0
mink_0,1.000000,0.000000,0.000000,1.000000,0.000000,1.000000,1.000000,1.000000,1.000000,1.000000,0.000000,0.000000,4.000000,1.000000,0.000000,1.000000,1,0
mole_0,1.000000,0.000000,0.000000,1.000000,0.000000,0.000000,1.000000,1.000000,1.000000,1.000000,0.000000,0.000000,4.000000,1.000000,0.000000,0.000000,1,0
mongoose_0,1.000000,0.000000,0.000000,1.000000,0.000000,0.000000,1.000000,1.000000,1.000000,1.000000,0.000000,0.000000,4.000000,1.000000,0.000000,1.000000,1,0
moth_0,1.000000,0.000000,1.000000,0.000000,1.000000,0.000000,0.000000,0.000000,0.000000,1.000000,0.000000,0.000000,6.000000,0.000000,0.000000,0.000000,6,0
newt_0,0.000000,0.000000,1.000000,0.000000,0.000000,1.000000,1.000000,1.000000,1.000000,1.000000,0.000000,0.000000,4.000000,1.000000,0.000000,0.000000,5,0
octopus_0,0.000000,0.000000,1.000000,0.000000,0.000000,1.000000,1.000000,0.000000,0.000000,0.000000,0.000000,0.000000,8.000000,0.000000,0.000000,1.000000,7,0
opossum_0,1.000000,0.000000,0.000000,1.000000,0.000000,0.000000,1.000000,1.000000,1.000000,1.000000,0.000000,0.000000,4.000000,1.000000,0.000000,0.000000,1,0
oryx_0,1.000000,0.000000,0.000000,1.000000,0.000000,0.000000,0.000000,1.000000,1.000000,1.000000,0.000000,0.000000,4.000000,1.000000,0.000000,1.000000,1,0
ostrich_0,0.000000,1.000000,1.000000,0.000000,0.000000,0.000000,0.000000,0.000000,1.000000,1.000000,0.000000,0.000000,2.000000,1.000000,0.000000,1.000000,2,0
parakeet_0,0.000000,1.000000,1.000000,0.000000,1.000000,0.000000,0.000000,0.000000,1.000000,1.000000,0.000000,0.000000,2.000000,1.000000,1.000000,0.000000,2,0
penguin_0,0.000000,1.000000,1.000000,0.000000,0.000000,1.000000,1.000000,0.000000,1.000000,1.000000,0.000000,0.000000,2.000000,1.000000,0.000000,1.000000,2,0
pheasant_0,0.000000,1.000000,1.000000,0.000000,1.000000,0.000000,0.000000,0.000000,1.000000,1.000000,0.000000,0.000000,2.000000,1.000000,0.000000,0.000000,2,0
pike_0,0.000000,0.000000,1.000000,0.000000,0.000000,1.000000,1.000000,1.000000,1.000000,0.000000,0.000000,1.000000,0.000000,1.000000,0.000000,1.000000,4,0
piranha_0,0.000000,0.000000,1.000000,0.000000,0.000000,1.000000,1.000000,1.000000,1.000000,0.000000,0.000000,1.000000,0.000000,1.000000,0.000000,0.000000,4,0
pitviper_0,0.000000,0.000000,1.000000,0.000000,0.000000,0.000000,1.000000,1.000000,1.000000,1.000000,1.000000,0.000000,0.000000,1.000000,0.000000,0.000000,3,0
platypus_0,1.000000,0.000000,1.000000,1.000000,0.000000,1.000000,1.000000,0.000000,1.000000,1.000000,0.000000,0.000000,4.000000,1.000000,0.000000,1.000000,1,0
polecat_0,1.000000,0.000000,0.000000,1.000000,0.000000,0.000000,1.000000,1.000000,1.000000,1.000000,0.000000,0.000000,4.000000,1.000000,0.000000,1.000000,1,0
pony_0,1.000000,0.000000,0.000000,1.000000,0.000000,0.000000,0.000000,1.000000,1.000000,1.000000,0.000000,0.000000,4.000000,1.000000,1.000000,1.000000,1,0
porpoise_0,0.000000,0.000000,0.000000,1.000000,0.000000,1.000000,1.000000,1.000000,1.000000,1.000000,0.000000,1.000000,0.000000,1.000000,0.000000,1.000000,1,0
puma_0,1.000000,0.000000,0.000000,1.000000,0.000000,0.000000,1.000000,1.000000,1.000000,1.000000,0.000000,0.000000,4.000000,1.000000,0.000000,1.000000,1,0
pussycat_0,1.000000,0.000000,0.000000,1.000000,0.000000,0.000000,1.000000,1.000000,1.000000,1.000000,0.000000,0.000000,4.000000,1.000000,1.000000,1.000000,1,0
raccoon_0,1.000000,0.000000,0.000000,1.000000,0.000000,0.000000,1.000000,1.000000,1.000000,1.000000,0.000000,0.000000,4.000000,1.000000,0.000000,1.000000,1,0
reindeer_0,1.000000,0.000000,0.000000,1.000000,0.000000,0.000000,0.000000,1.000000,1.000000,1.000000,0.000000,0.000000,4.000000,1.000000,1.000000,1.000000,1,0
rhea_0,0.000000,1.000000,1.000000,0.000000,0.000000,0.000000,1.000000,0.000000,1.000000,1.000000,0.000000,0.000000,2.000000,1.000000,0.000000,1.000000,2,0
scorpion_0,0.000000,0.000000,0.000000,0.000000,0.000000,0.000000,1.000000,0.000000,0.000000,1.000000,1.000000,0.000000,8.000000,1.000000,0.000000,0.000000,7,0
seahorse_0,0.000000,0.000000,1.000000,0.000000,0.000000,1.000000,0.000000,1.000000,1.000000,0.000000,0.000000,1.000000,0.000000,1.000000,0.000000,0.000000,4,0
seal_0,1.000000,0.000000,0.000000,1.000000,0.000000,1.000000,1.000000,1.000000,1.000000,1.000000,0.000000,1.000000,0.000000,0.000000,0.000000,1.000000,1,0
sealion_0,1.000000,0.000000,0.000000,1.000000,0.000000,1.000000,1.000000,1.000000,1.000000,1.000000,0.000000,1.000000,2.000000,1.000000,0.000000,1.000000,1,0
seasnake_0,0.000000,0.000000,0.000000,0.000000,0.000000,1.000000,1.000000,1.000000,1.000000,0.000000,1.000000,0.000000,0.000000,1.000000,0.000000,0.000000,3,0
seawasp_0,0.000000,0.000000,1.000000,0.000000,0.000000,1.000000,1.000000,0.000000,0.000000,0.000000,1.000000,0.000000,0.000000,0.000000,0.000000,0.000000,7,0
skimmer_0,0.000000,1.000000,1.000000,0.000000,1.000000,1.000000,1.000000,0.000000,1.000000,1.000000,0.000000,0.000000,2.000000,1.000000,0.000000,0.000000,2,0
skua_0,0.000000,1.000000,1.000000,0.000000,1.000000,1.000000,1.000000,0.000000,1.000000,1.000000,0.000000,0.000000,2.000000,1.000000,0.000000,0.000000,2,0
slowworm_0,0.000000,0.000000,1.000000,0.000000,0.000000,0.000000,1.000000,1.000000,1.000000,1.000000,0.000000,0.000000,0.000000,1.000000,0.000000,0.000000,3,0
slug_0,0.000000,0.000000,1.000000,0.000000,0.000000,0.000000,0.000000,0.000000,0.000000,1.000000,0.000000,0.000000,0.000000,0.000000,0.000000,0.000000,7,0
sole_0,0.000000,0.000000,1.000000,0.000000,0.000000,1.000000,0.000000,1.000000,1.000000,0.000000,0.000000,1.000000,0.000000,1.000000,0.000000,0.000000,4,0
sparrow_0,0.000000,1.000000,1.000000,0.000000,1.000000,0.000000,0.000000,0.000000,1.000000,1.000000,0.000000,0.000000,2.000000,1.000000,0.000000,0.000000,2,0
squirrel_0,1.000000,0.000000,0.000000,1.000000,0.000000,0.000000,0.000000,1.000000,1.000000,1.000000,0.000000,0.000000,2.000000,1.000000,0.000000,0.000000,1,0
starfish_0,0.000000,0.000000,1.000000,0.000000,0.000000,1.000000,1.000000,0.000000,0.000000,0.000000,0.000000,0.000000,5.000000,0.000000,0.000000,0.000000,7,0
stingray_0,0.000000,0.000000,1.000000,0.000000,0.000000,1.000000,1.000000,1.000000,1.000000,0.000000,1.000000,1.000000,0.000000,1.000000,0.000000,1.000000,4,0
swan_0,0.000000,1.000000,1.000000,0.000000,1.000000,1.000000,0.000000,0.000000,1.000000,1.000000,0.000000,0.000000,2.000000,1.000000,0.000000,1.000000,2,0
termite_0,0.000000,0.000000,1.000000,0.000000,0.000000,0.000000,0.000000,0.000000,0.000000,1.000000,0.000000,0.000000,6.000000,0.000000,0.000000,0.000000,6,0
toad_0,0.000000,0.000000,1.000000,0.000000,0.000000,1.000000,0.000000,1.000000,1.000000,1.000000,0.000000,0.000000,4.000000,0.000000,0.000000,0.000000,5,0
tortoise_0,0.000000,0.000000,1.000000,0.000000,0.000000,0.000000,0.000000,0.000000,1.000000,1.000000,0.000000,0.000000,4.000000,1.000000,0.000000,1.000000,3,0
tuatara_0,0.000000,0.000000,1.000000,0.000000,0.000000,0.000000,1.000000,1.000000,1.000000,1.000000,0.000000,0.000000,4.000000,1.000000,0.000000,0.000000,3,0
tuna_0,0.000000,0.000000,1.000000,0.000000,0.000000,1.000000,1.000000,1.000000,1.000000,0.000000,0.000000,1.000000,0.000000,1.000000,0.000000,1.000000,4,0
vampire_0,1.000000,0.000000,0.000000,1.000000,1.000000,0.000000,0.000000,1.000000,1.000000,1.000000,0.000000,0.000000,2.000000,1.000000,0.000000,0.000000,1,0
vole_0,1.000000,0.000000,0.000000,1.000000,0.000000,0.000000,0.000000,1.000000,1.000000,1.000000,0.000000,0.000000,4.000000,1.000000,0.000000,0.000000,1,0
vulture_0,0.000000,1.000000,1.000000,0.000000,1.000000,0.000000,1.000000,0.000000,1.000000,1.000000,0.000000,0.000000,2.000000,1.000000,0.000000,1.000000,2,0
wallaby_0,1.000000,0.000000,0.000000,1.000000,0.000000,0.000000,0.000000,1.000000,1.000000,1.000000,0.000000,0.000000,2.000000,1.000000,0.000000,1.000000,1,0
wasp_0,1.000000,0.000000,1.000000,0.000000,1.000000,0.000000,0.000000,0.000000,0.000000,1.000000,1.000000,0.000000,6.000000,0.000000,0.000000,0.000000,6,0
wolf_0,1.000000,0.000000,0.000000,1.000000,0.000000,0.000000,1.000000,1.000000,1.000000,1.000000,0.000000,0.000000,4.000000,1.000000,0.000000,1.000000,1,0
worm_0,0.000000,0.000000,1.000000,0.000000,0.000000,0.000000,0.000000,0.000000,0.000000,1.000000,0.000000,0.000000,0.000000,0.000000,0.000000,0.000000,7,0
wren_0,0.000000,1.000000,1.000000,0.000000,1.000000,0.000000,0.000000,0.000000,1.000000,1.000000,0.000000,0.000000,2.000000,1.000000,0.000000,0.000000,2,0
flea-with-teeth_0,0.000000,0.000000,1.000000,0.000000,0.000000,0.000000,0.000000,1.000000,0.000000,1.000000,0.000000,0.000000,6.000000,0.000000,0.000000,0.000000,0,0
predator-with-hair_0,0.000000,1.000000,0.000000,0.000000,0.000000,0.000000,1.000000,0.000000,0.000000,0.000000,0.000000,0.000000,0.000000,0.000000,0.000000,0.000000,0,0
six-legged-aquatic-egg-layer_0,0.000000,0.000000,1.000000,0.000000,0.000000,1.000000,0.000000,0.000000,0.000000,0.000000,0.000000,0.000000,6.000000,0.000000,0.000000,0.000000,0,0
a_aardvark_0,1.000000,0.000000,0.000000,1.000000,0.000000,0.000000,1.000000,1.000000,1.000000,1.000000,0.000000,0.000000,4.000000,0.000000,0.000000,1.000000,1,0
a_antelope_0,1.000000,0.000000,0.000000,1.000000,0.000000,0.000000,0.000000,1.000000,1.000000,1.000000,0.000000,0.000000,4.000000,1.000000,0.000000,1.000000,1,0
a_bass_0,0.000000,0.000000,1.000000,0.000000,0.000000,1.000000,1.000000,1.000000,1.000000,0.000000,0.000000,1.000000,0.000000,1.000000,0.000000,0.000000,4,0
a_bear_0,1.000000,0.000000,0.000000,1.000000,0.000000,0.000000,1.000000,1.000000,1.000000,1.000000,0.000000,0.000000,4.000000,0.000000,0.000000,1.000000,1,0
a_boar_0,1.000000,0.000000,0.000000,1.000000,0.000000,0.000000,1.000000,1.000000,1.000000,1.000000,0.000000,0.000000,4.000000,1.000000,0.000000,1.000000,1,0
a_buffalo_0,1.000000,0.000000,0.000000,1.000000,0.000000,0.000000,0.000000,1.000000,1.000000,1.000000,0.000000,0.000000,4.000000,1.000000,0.000000,1.000000,1,0
a_calf_0,1.000000,0.000000,0.000000,1.000000,0.000000,0.000000,0.000000,1.000000,1.000000,1.000000,0.000000,0.000000,4.000000,1.000000,1.000000,1.000000,1,0
a_carp_0,0.000000,0.000000,1.000000,0.000000,0.000000,1.000000,0.000000,1.000000,1.000000,0.000000,0.000000,1.000000,0.000000,1.000000,1.000000,0.000000,4,0
a_catfish_0,0.000000,0.000000,1.000000,0.000000,0.000000,1.000000,1.000000,1.000000,1.000000,0.000000,0.000000,1.000000,0.000000,1.000000,0.000000,0.000000,4,0
aardvark_1,1.000000,0.000000,0.000000,1.000000,0.000000,0.000000,1.000000,1.000000,1.000000,1.000000,0.000000,0.000000,4.000000,0.000000,0.000000,1.000000,1,0
antelope_1,1.000000,0.000000,0.000000,1.000000,0.000000,0.000000,0.000000,1.000000,1.000000,1.000000,0.000000,0.000000,4.000000,1.000000,0.000000,1.000000,1,0
bass_1,0.000000,0.000000,1.000000,0.000000,0.000000,1.000000,1.000000,1.000000,1.000000,0.000000,0.000000,1.000000,0.000000,1.000000,0.000000,0.000000,4,0
bear_1,1.000000,0.000000,0.000000,1.000000,0.000000,0.000000,1.000000,1.000000,1.000000,1.000000,0.000000,0.000000,4.000000,0.000000,0.000000,1.000000,1,0
boar_1,1.000000,0.000000,0.000000,1.000000,0.000000,0.000000,1.000000,1.000000,1.000000,1.000000,0.000000,0.000000,4.000000,1.000000,0.000000,1.000000,1,0
buffalo_1,1.000000,0.000000,0.000000,1.000000,0.000000,0.000000,0.000000,1.000000,1.000000,1.000000,0.000000,0.000000,4.000000,1.000000,0.000000,1.000000,1,0
calf_1,1.000000,0.000000,0.000000,1.000000,0.000000,0.000000,0.000000,1.000000,1.000000,1.000000,0.000000,0.000000,4.000000,1.000000,1.000000,1.000000,1,0
carp_1,0.000000,0.000000,1.000000,0.000000,0.000000,1.000000,0.000000,1.000000,1.000000,0.000000,0.000000,1.000000,0.000000,1.000000,1.000000,0.000000,4,0
catfish_1,0.000000,0.000000,1.000000,0.000000,0.000000,1.000000,1.000000,1.000000,1.000000,0.000000,0.000000,1.000000,0.000000,1.000000,0.000000,0.000000,4,0
cavy_1,1.000000,0.000000,0.000000,1.000000,0.000000,0.000000,0.000000,1.000000,1.000000,1.000000,0.000000,0.000000,4.000000,0.000000,1.000000,0.000000,1,0
cheetah_1,1.000000,0.000000,0.000000,1.000000,0.000000,0.000000,1.000000,1.000000,1.000000,1.000000,0.000000,0.000000,4.000000,1.000000,0.000000,1.000000,1,0
chicken_1,0.000000,1.000000,1.000000,0.000000,1.000000,0.000000,0.000000,0.000000,1.000000,1.000000,0.000000,0.000000,2.000000,1.000000,1.000000,0.000000,2,0
chub_1,0.000000,0.000000,1.000000,0.000000,0.000000,1.000000,1.000000,1.000000,1.000000,0.000000,0.000000,1.000000,0.000000,1.000000,0.000000,0.000000,4,0
crab_1,0.000000,0.000000,1.000000,0.000000,0.000000,1.000000,1.000000,0.000000,0.000000,0.000000,0.000000,0.000000,4.000000,0.000000,0.000000,0.000000,7,0
crayfish_1,0.000000,0.000000,1.000000,0.000000,0.000000,1.000000,1.000000,0.000000,0.000000,0.000000,0.000000,0.000000,6.000000,0.000000,0.000000,0.000000,7,0
crow_1,0.000000,1.000000,1.000000,0.000000,1.000000,0.000000,1.000000,0.000000,1.000000,1.000000,0.000000,0.000000,2.000000,1.000000,0.000000,0.000000,2,0
deer_1,1.000000,0.000000,0.000000,1.000000,0.000000,0.000000,0.000000,1.000000,1.000000,1.000000,0.000000,0.000000,4.000000,1.000000,0.000000,1.000000,1,0
dogfish_1,0.000000,0.000000,1.000000,0.000000,0.000000,1.000000,1.000000,1.000000,1.000000,0.000000,0.000000,1.000000,0.000000,1.000000,0.000000,1.000000,4,0
dolphin_1,0.000000,0.000000,0.000000,1.000000,0.000000,1.000000,1.000000,1.000000,1.000000,1.000000,0.000000,1.000000,0.000000,1.000000,0.000000,1.000000,1,0
dove_1,0.000000,1.000000,1.000000,0.000000,1.000000,0.000000,0.000000,0.000000,1.000000,1.000000,0.000000,0.000000,2.000000,1.000000,1.000000,0.000000,2,0
duck_1,0.000000,1.000000,1.000000,0.000000,1.000000,1.000000,0.000000,0.000000,1.000000,1.000000,0.000000,0.000000,2.000000,1.000000,0.000000,0.000000,2,0
elephant_1,1.000000,0.000000,0.000000,1.000000,0.000000,0.000000,0.000000,1.000000,1.000000,1.000000,0.000000,0.000000,4.000000,1.000000,0.000000,1.000000,1,0
flamingo_1,0.000000,1.000000,1.000000,0.000000,1.000000,0.000000,0.000000,0.000000,1.000000,1.000000,0.000000,0.000000,2.000000,1.000000,0.000000,1.000000,2,0
flea_1,0.000000,0.000000,1.000000,0.000000,0.000000,0.000000,0.000000,0.000000,0.000000,1.000000,0.000000,0.000000,6.000000,0.000000,0.000000,0.000000,6,0
frog_1,0.000000,0.000000,1.000000,0.000000,0.000000,1.000000,1.000000,1.000000,1.000000,1.000000,0.000000,0.000000,4.000000,0.000000,0.000000,0.000000,5,0
frog1_1,0.000000,0.000000,1.000000,0.000000,0.000000,1.000000,1.000000,1.000000,1.000000,1.000000,1.000000,0.000000,4.000000,0.000000,0.000000,0.000000,5,0
fruitbat_1,1.000000,0.000000,0.000000,1.000000,1.000000,0.000000,0.000000,1.000000,1.000000,1.000000,0.000000,0.000000,2.000000,1.000000,0.000000,0.000000,1,0
giraffe_1,1.000000,0.000000,0.000000,1.000000,0.000000,0.000000,0.000000,1.000000,1.000000,1.000000,0.000000,0.000000,4.000000,1.000000,0.000000,1.000000,1,0
girl_1,1.000000,0.000000,0.000000,1.000000,0.000000,0.000000,1.000000,1.000000,1.000000,1.000000,0.000000,0.000000,2.000000,0.000000,1.000000,1.000000,1,0
gnat_1,0.000000,0.000000,1.000000,0.000000,1.000000,0.000000,0.000000,0.000000,0.000000,1.000000,0.000000,0.000000,6.000000,0.000000,0.000000,0.000000,6,0
goat_1,1.000000,0.000000,0.000000,1.000000,0.000000,0.000000,0.000000,1.000000,1.000000,1.000000,0.000000,0.000000,4.000000,1.000000,1.000000,1.000000,1,0
gorilla_1,1.000000,0.000000,0.000000,1.000000,0.000000,0.000000,0.000000,1.000000,1.000000,1.000000,0.000000,0.000000,2.000000,0.000000,0.000000,1.000000,1,0
gull_1,0.000000,1.000000,1.000000,0.000000,1.000000,1.000000,1.000000,0.000000,1.000000,1.000000,0.000000,0.000000,2.000000,1.000000,0.000000,0.000000,2,0
haddock_1,0.000000,0.000000,1.000000,0.000000,0.000000,1.000000,0.000000,1.000000,1.000000,0.000000,0.000000,1.000000,0.000000,1.000000,0.000000,0.000000,4,0
hamster_1,1.000000,0.000000,0.000000,1.000000,0.000000,0.000000,0.000000,1.000000,1.000000,1.000000,0.000000,0.000000,4.000000,1.000000,1.000000,0.000000,1,0
hare_1,1.000000,0.000000,0.000000,1.000000,0.000000,0.000000,0.000000,1.000000,1.000000,1.000000,0.000000,0.000000,4.000000,1.000000,0.000000,0.000000,1,0
hawk_1,0.000000,1.000000,1.000000,0.000000,1.000000,0.000000,1.000000,0.000000,1.000000,1.000000,0.000000,0.000000,2.000000,1.000000,0.000000,0.000000,2,0
herring_1,0.000000,0.000000,1.000000,0.000000,0.000000,1.000000,1.000000,1.000000,1.000000,0.000000,0.000000,1.000000,0.000000,1.000000,0.000000,0.000000,4,0
honeybee_1,1.000000,0.000000,1.000000,0.000000,1.000000,0.000000,0.000000,0.000000,0.000000,1.000000,1.000000,0.000000,6.000000,0.000000,1.000000,0.000000,6,0
housefly_1,1.000000,0.000000,1.000000,0.000000,1.000000,0.000000,0.000000,0.000000,0.000000,1.000000,0.000000,0.000000,6.000000,0.000000,0.000000,0.000000,6,0
kiwi_1,0.000000,1.000000,1.000000,0.000000,0.000000,0.000000,1.000000,0.000000,1.000000,1.000000,0.000000,0.000000,2.000000,1.000000,0.000000,0.000000,2,0
ladybird_1,0.000000,0.000000,1.000000,0.000000,1.000000,0.000000,1.000000,0.000000,0.000000,1.000000,0.000000,0.000000,6.000000,0.000000,0.000000,0.000000,6,0
lark_1,0.000000,1.000000,1.000000,0.000000,1.000000,0.000000,0.000000,0.000000,1.000000,1.000000,0.000000,0.000000,2.000000,1.000000,0.000000,0.000000,2,0
leopard_1,1.000000,0.000000,0.000000,1.000000,0.000000,0.000000,1.000000,1.000000,1.000000,1.000000,0.000000,0.000000,4.000000,1.000000,0.000000,1.000000,1,0
lion_1,1.000000,0.000000,0.000000,1.000000,0.000000,0.000000,1.000000,1.000000,1.000000,1.000000,0.000000,0.000000,4.000000,1.000000,0.000000,1.000000,1,0
lobster_1,0.000000,0.000000,1.000000,0.000000,0.000000,1.000000,1.000000,0.000000,0.000000,0.000000,0.000000,0.000000,6.000000,0.000000,0.000000,0.000000,7,0
lynx_1,1.000000,0.000000,0.000000,1.000000,0.000000,0.000000,1.000000,1.000000,1.000000,1.000000,0.000000,0.000000,4.000000,1.000000,0.000000,1.000000,1,0
mink_1,1.000000,0.000000,0.000000,1.000000,0.000000,1.000000,1.000000,1.000000,1.000000,1.000000,0.000000,0.000000,4.000000,1.000000,0.000000,1.000000,1,0
mole_1,1.000000,0.000000,0.000000,1.000000,0.000000,0.000000,1.000000,1.000000,1.000000,1.000000,0.000000,0.000000,4.000000,1.000000,0.000000,0.000000,1,0
mongoose_1,1.000000,0.000000,0.000000,1.000000,0.000000,0.000000,1.000000,1.000000,1.000000,1.000000,0.000000,0.000000,4.000000,1.000000,0.000000,1.000000,1,0
moth_1,1.000000,0.000000,1.000000,0.000000,1.000000,0.000000,0.000000,0.000000,0.000000,1.000000,0.000000,0.000000,6.000000,0.000000,0.000000,0.000000,6,0
newt_1,0.000000,0.000000,1.000000,0.000000,0.000000,1.000000,1.000000,1.000000,1.000000,1.000000,0.000000,0.000000,4.000000,1.000000,0.000000,0.000000,5,0
octopus_1,0.000000,0.000000,1.000000,0.000000,0.000000,1.000000,1.000000,0.000000,0.000000,0.000000,0.000000,0.000000,8.000000,0.000000,0.000000,1.000000,7,0
opossum_1,1.000000,0.000000,0.000000,1.000000,0.000000,0.000000,1.000000,1.000000,1.000000,1.000000,0.000000,0.000000,4.000000,1.000000,0.000000,0.000000,1,0
oryx_1,1.000000,0.000000,0.000000,1.000000,0.000000,0.000000,0.000000,1.000000,1.000000,1.000000,0.000000,0.000000,4.000000,1.000000,0.000000,1.000000,1,0
ostrich_1,0.000000,1.000000,1.000000,0.000000,0.000000,0.000000,0.000000,0.000000,1.000000,1.000000,0.000000,0.000000,2.000000,1.000000,0.000000,1.000000,2,0
parakeet_1,0.000000,1.000000,1.000000,0.000000,1.000000,0.000000,0.000000,0.000000,1.000000,1.000000,0.000000,0.000000,2.000000,1.000000,1.000000,0.000000,2,0
penguin_1,0.000000,1.000000,1.000000,0.000000,0.000000,1.000000,1.000000,0.000000,1.000000,1.000000,0.000000,0.000000,2.000000,1.000000,0.000000,1.000000,2,0
pheasant_1,0.000000,1.000000,1.000000,0.000000,1.000000,0.000000,0.000000,0.000000,1.000000,1.000000,0.000000,0.000000,2.000000,1.000000,0.000000,0.000000,2,0
pike_1,0.000000,0.000000,1.000000,0.000000,0.000000,1.000000,1.000000,1.000000,1.000000,0.000000,0.000000,1.000000,0.000000,1.000000,0.000000,1.000000,4,0
piranha_1,0.000000,0.000000,1.000000,0.000000,0.000000,1.000000,1.000000,1.000000,1.000000,0.000000,0.000000,1.000000,0.000000,1.000000,0.000000,0.000000,4,0
pitviper_1,0.000000,0.000000,1.000000,0.000000,0.000000,0.000000,1.000000,1.000000,1.000000,1.000000,1.000000,0.000000,0.000000,1.000000,0.000000,0.000000,3,0
platypus_1,1.000000,0.000000,1.000000,1.000000,0.000000,1.000000,1.000000,0.000000,1.000000,1.000000,0.000000,0.000000,4.000000,1.000000,0.000000,1.000000,1,0
polecat_1,1.000000,0.000000,0.000000,1.000000,0.000000,0.000000,1.000000,1.000000,1.000000,1.000000,0.000000,0.000000,4.000000,1.000000,0.000000,1.000000,1,0
pony_1,1.000000,0.000000,0.000000,1.000000,0.000000,0.000000,0.000000,1.000000,1.000000,1.000000,0.000000,0.000000,4.000000,1.000000,1.000000,1.000000,1,0
porpoise_1,0.000000,0.000000,0.000000,1.000000,0.000000,1.000000,1.000000,1.000000,1.000000,1.000000,0.000000,1.000000,0.000000,1.000000,0.000000,1.000000,1,0
puma_1,1.000000,0.000000,0.000000,1.000000,0.000000,0.000000,1.000000,1.000000,1.000000,1.000000,0.000000,0.000000,4.000000,1.000000,0.000000,1.000000,1,0
pussycat_1,1.000000,0.000000,0.000000,1.000000,0.000000,0.000000,1.000000,1.000000,1.000000,1.000000,0.000000,0.000000,4.000000,1.000000,1.000000,1.000000,1,0
raccoon_1,1.000000,0.000000,0.000000,1.000000,0.000000,0.000000,1.000000,1.000000,1.000000,1.000000,0.000000,0.000000,4.000000,1.000000,0.000000,1.000000,1,0
reindeer_1,1.000000,0.000000,0.000000,1.000000,0.000000,0.000000,0.000000,1.000000,1.000000,1.000000,0.000000,0.000000,4.000000,1.000000,1.000000,1.000000,1,0
rhea_1,0.000000,1.000000,1.000000,0.000000,0.000000,0.000000,1.000000,0.000000,1.000000,1.000000,0.000000,0.000000,2.000000,1.000000,0.000000,1.000000,2,0
scorpion_1,0.000000,0.000000,0.000000,0.000000,0.000000,0.000000,1.000000,0.000000,0.000000,1.000000,1.000000,0.000000,8.000000,1.000000,0.000000,0.000000,7,0
seahorse_1,0.000000,0.000000,1.000000,0.000000,0.000000,1.000000,0.000000,1.000000,1.000000,0.000000,0.000000,1.000000,0.000000,1.000000,0.000000,0.000000,4,0
seal_1,1.000000,0.000000,0.000000,1.000000,0.000000,1.000000,1.000000,1.000000,1.000000,1.000000,0.000000,1.000000,0.000000,0.000000,0.000000,1.000000,1,0
sealion_1,1.000000,0.000000,0.000000,1.000000,0.000000,1.000000,1.000000,1.000000,1.000000,1.000000,0.000000,1.000000,2.000000,1.000000,0.000000,1.000000,1,0
seasnake_1,0.000000,0.000000,0.000000,0.000000,0.000000,1.000000,1.000000,1.000000,1.000000,0.000000,1.000000,0.000000,0.000000,1.000000,0.000000,0.000000,3,0
seawasp_1,0.000000,0.000000,1.000000,0.000000,0.000000,1.000000,1.000000,0.000000,0.000000,0.000000,1.000000,0.000000,0.000000,0.000000,0.000000,0.000000,7,0
skimmer_1,0.000000,1.000000,1.000000,0.000000,1.000000,1.000000,1.000000,0.000000,1.000000,1.000000,0.000000,0.000000,2.000000,1.000000,0.000000,0.000000,2,0
skua_1,0.000000,1.000000,1.000000,0.000000,1.000000,1.000000,1.000000,0.000000,1.000000,1.000000,0.000000,0.000000,2.000000,1.000000,0.000000,0.000000,2,0
slowworm_1,0.000000,0.000000,1.000000,0.000000,0.000000,0.000000,1.000000,1.000000,1.000000,1.000000,0.000000,0.000000,0.000000,1.000000,0.000000,0.000000,3,0
slug_1,0.000000,0.000000,1.000000,0.000000,0.000000,0.000000,0.000000,0.000000,0.000000,1.000000,0.000000,0.000000,0.000000,0.000000,0.000000,0.000000,7,0
sole_1,0.000000,0.000000,1.000000,0.000000,0.000000,1.000000,0.000000,1.000000,1.000000,0.000000,0.000000,1.000000,0.000000,1.000000,0.000000,0.000000,4,0
sparrow_1,0.000000,1.000000,1.000000,0.000000,1.000000,0.000000,0.000000,0.000000,1.000000,1.000000,0.000000,0.000000,2.000000,1.000000,0.000000,0.000000,2,0
squirrel_1,1.000000,0.000000,0.000000,1.000000,0.000000,0.000000,0.000000,1.000000,1.000000,1.000000,0.000000,0.000000,2.000000,1.000000,0.000000,0.000000,1,0
starfish_1,0.000000,0.000000,1.000000,0.000000,0.000000,1.000000,1.000000,0.000000,0.000000,0.000000,0.000000,0.000000,5.000000,0.000000,0.000000,0.000000,7,0
stingray_1,0.000000,0.000000,1.000000,0.000000,0.000000,1.000000,1.000000,1.000000,1.000000,0.000000,1.000000,1.000000,0.000000,1.000000,0.000000,1.000000,4,0
swan_1,0.000000,1.000000,1.000000,0.000000,1.000000,1.000000,0.000000,0.000000,1.000000,1.000000,0.000000,0.000000,2.000000,1.000000,0.000000,1.000000,2,0
termite_1,0.000000,0.000000,1.000000,0.000000,0.000000,0.000000,0.000000,0.000000,0.000000,1.000000,0.000000,0.000000,6.000000,0.000000,0.000000,0.000000,6,0
toad_1,0.000000,0.000000,1.000000,0.000000,0.000000,1.000000,0.000000,1.000000,1.000000,1.000000,0.000000,0.000000,4.000000,0.000000,0.000000,0.000000,5,0
tortoise_1,0.000000,0.000000,1.000000,0.000000,0.000000,0.000000,0.000000,0.000000,1.000000,1.000000,0.000000,0.000000,4.000000,1.000000,0.000000,1.000000,3,0
tuatara_1,0.000000,0.000000,1.000000,0.000000,0.000000,0.000000,1.000000,1.000000,1.000000,1.000000,0.000000,0.000000,4.000000,1.000000,0.000000,0.000000,3,0
tuna_1,0.000000,0.000000,1.000000,0.000000,0.000000,1.000000,1.000000,1.000000,1.000000,0.000000,0.000000,1.000000,0.000000,1.000000,0.000000,1.000000,4,0
vampire_1,1.000000,0.000000,0.000000,1.000000,1.000000,0.000000,0.000000,1.000000,1.000000,1.000000,0.000000,0.000000,2.000000,1.000000,0.000000,0.000000,1,0
vole_1,1.000000,0.000000,0.000000,1.000000,0.000000,0.000000,0.000000,1.000000,1.000000,1.000000,0.000000,0.000000,4.000000,1.000000,0.000000,0.000000,1,0
vulture_1,0.000000,1.000000,1.000000,0.000000,1.000000,0.000000,1.000000,0.000000,1.000000,1.000000,0.000000,0.000000,2.000000,1.000000,0.000000,1.000000,2,0
wallaby_1,1.000000,0.000000,0.000000,1.000000,0.000000,0.000000,0.000000,1.000000,1.000000,1.000000,0.000000,0.000000,2.000000,1.000000,0.000000,1.000000,1,0
wasp_1,1.000000,0.000000,1.000000,0.000000,1.000000,0.000000,0.000000,0.000000,0.000000,1.000000,1.000000,0.000000,6.000000,0.000000,0.000000,0.000000,6,0
wolf_1,1.000000,0.000000,0.000000,1.000000,0.000000,0.000000,1.000000,1.000000,1.000000,1.000000,0.000000,0.000000,4.000000,1.000000,0.000000,1.000000,1,0
worm_1,0.000000,0.000000,1.000000,0.000000,0.000000,0.000000,0.000000,0.000000,0.000000,1.000000,0.000000,0.000000,0.000000,0.000000,0.000000,0.000000,7,0
wren_1,0.000000,1.000000,1.000000,0.000000,1.000000,0.000000,0.000000,0.000000,1.000000,1.000000,0.000000,0.000000,2.000000,1.000000,0.000000,0.000000,2,0
flea-with-teeth_1,0.000000,0.000000,1.000000,0.000000,0.000000,0.000000,0.000000,1.000000,0.000000,1.000000,0.000000,0.000000,6.000000,0.000000,0.000000,0.000000,0,0
predator-with-hair_1,0.000000,1.000000,0.000000,0.000000,0.000000,0.000000,1.000000,0.000000,0.000000,0.000000,0.000000,0.000000,0.000000,0.000000,0.000000,0.000000,0,0
six-legged-aquatic-egg-layer_1,0.000000,0.000000,1.000000,0.000000,0.000000,1.000000,0.000000,0.000000,0.000000,0.000000,0.000000,0.000000,6.000000,0.000000,0.000000,0.000000,0,0
a_aardvark_1,1.000000,0.000000,0.000000,1.000000,0.000000,0.000000,1.000000,1.000000,1.000000,1.000000,0.000000,0.000000,4.000000,0.000000,0.000000,1.000000,1,0
a_antelope_1,1.000000,0.000000,0.000000,1.000000,0.000000,0.000000,0.000000,1.000000,1.000000,1.000000,0.000000,0.000000,4.000000,1.000000,0.000000,1.000000,1,0
a_bass_1,0.000000,0.000000,1.000000,0.000000,0.000000,1.000000,1.000000,1.000000,1.000000,0.000000,0.000000,1.000000,0.000000,1.000000,0.000000,0.000000,4,0
a_bear_1,1.000000,0.000000,0.000000,1.000000,0.000000,0.000000,1.000000,1.000000,1.000000,1.000000,0.000000,0.000000,4.000000,0.000000,0.000000,1.000000,1,0
a_boar_1,1.000000,0.000000,0.000000,1.000000,0.000000,0.000000,1.000000,1.000000,1.000000,1.000000,0.000000,0.000000,4.000000,1.000000,0.000000,1.000000,1,0
a_buffalo_1,1.000000,0.000000,0.000000,1.000000,0.000000,0.000000,0.000000,1.000000,1.000000,1.000000,0.000000,0.000000,4.000000,1.000000,0.000000,1.000000,1,0
a_calf_1,1.000000,0.000000,0.000000,1.000000,0.000000,0.000000,0.000000,1.000000,1.000000,1.000000,0.000000,0.000000,4.000000,1.000000,1.000000,1.000000,1,0
a_carp_1,0.000000,0.000000,1.000000,0.000000,0.000000,1.000000,0.000000,1.000000,1.000000,0.000000,0.000000,1.000000,0.000000,1.000000,1.000000,0.000000,4,0
a_catfish_1,0.000000,0.000000,1.000000,0.000000,0.000000,1.000000,1.000000,1.000000,1.000000,0.000000,0.000000,1.000000,0.000000,1.000000,0.000000,0.000000,4,0
aardvark_2,1.000000,0.000000,0.000000,1.000000,0.000000,0.000000,1.000000,1.000000,1.000000,1.000000,0.000000,0.000000,4.000000,0.000000,0.000000,1.000000,1,0
antelope_2,1.000000,0.000000,0.000000,1.000000,0.000000,0.000000,0.000000,1.000000,1.000000,1.000000,0.000000,0.000000,4.000000,1.000000,0.000000,1.000000,1,0
bass_2,0.000000,0.000000,1.000000,0.000000,0.000000,1.000000,1.000000,1.000000,1.000000,0.000000,0.000000,1.000000,0.000000,1.000000,0.000000,0.000000,4,0
bear_2,1.000000,0.000000,0.000000,1.000000,0.000000,0.000000,1.000000,1.000000,1.000000,1.000000,0.000000,0.000000,4.000000,0.000000,0.000000,1.000000,1,0
boar_2,1.000000,0.000000,0.000000,1.000000,0.000000,0.000000,1.000000,1.000000,1.000000,1.000000,0.000000,0.000000,4.000000,1.000000,0.000000,1.000000,1,0
buffalo_2,1.000000,0.000000,0.000000,1.000000,0.000000,0.000000,0.000000,1.000000,1.000000,1.000000,0.000000,0.000000,4.000000,1.000000,0.000000,1.000000,1,0
calf_2,1.000000,0.000000,0.000000,1.000000,0.000000,0.000000,0.000000,1.000000,1.000000,1.000000,0.000000,0.000000,4.000000,1.000000,1.000000,1.000000,1,0
carp_2,0.000000,0.000000,1.000000,0.000000,0.000000,1.000000,0.000000,1.000000,1.000000,0.000000,0.000000,1.000000,0.000000,1.000000,1.000000,0.000000,4,0
catfish_2,0.000000,0.000000,1.000000,0.000000,0.000000,1.000000,1.000000,1.000000,1.000000,0.000000,0.000000,1.000000,0.000000,1.000000,0.000000,0.000000,4,0
cavy_2,1.000000,0.000000,0.000000,1.000000,0.000000,0.000000,0.000000,1.000000,1.000000,1.000000,0.000000,0.000000,4.000000,0.000000,1.000000,0.000000,1,0
cheetah_2,1.000000,0.000000,0.000000,1.000000,0.000000,0.000000,1.000000,1.000000,1.000000,1.000000,0.000000,0.000000,4.000000,1.000000,0.000000,1.000000,1,0
chicken_2,0.000000,1.000000,1.000000,0.000000,1.000000,0.000000,0.000000,0.000000,1.000000,1.000000,0.000000,0.000000,2.000000,1.000000,1.000000,0.000000,2,0
chub_2,0.000000,0.000000,1.000000,0.000000,0.000000,1.000000,1.000000,1.000000,1.000000,0.000000,0.000000,1.000000,0.000000,1.000000,0.000000,0.000000,4,0
crab_2,0.000000,0.000000,1.000000,0.000000,0.000000,1.000000,1.000000,0.000000,0.000000,0.000000,0.000000,0.000000,4.000000,0.000000,0.000000,0.000000,7,0
crayfish_2,0.000000,0.000000,1.000000,0.000000,0.000000,1.000000,1.000000,0.000000,0.000000,0.000000,0.000000,0.000000,6.000000,0.000000,0.000000,0.000000,7,0
crow_2,0.000000,1.000000,1.000000,0.000000,1.000000,0.000000,1.000000,0.000000,1.000000,1.000000,0.000000,0.000000,2.000000,1.000000,0.000000,0.000000,2,0
deer_2,1.000000,0.000000,0.000000,1.000000,0.000000,0.000000,0.000000,1.000000,1.000000,1.000000,0.000000,0.000000,4.000000,1.000000,0.000000,1.000000,1,0
dogfish_2,0.000000,0.000000,1.000000,0.000000,0.000000,1.000000,1.000000,1.000000,1.000000,0.000000,0.000000,1.000000,0.000000,1.000000,0.000000,1.000000,4,0
dolphin_2,0.000000,0.000000,0.000000,1.000000,0.000000,1.000000,1.000000,1.000000,1.000000,1.000000,0.000000,1.000000,0.000000,1.000000,0.000000,1.000000,1,0
dove_2,0.000000,1.000000,1.000000,0.000000,1.000000,0.000000,0.000000,0.000000,1.000000,1.000000,0.000000,0.000000,2.000000,1.000000,1.000000,0.000000,2,0
duck_2,0.000000,1.000000,1.000000,0.000000,1.000000,1.000000,0.000000,0.000000,1.000000,1.000000,0.000000,0.000000,2.000000,1.000000,0.000000,0.000000,2,0
elephant_2,1.000000,0.000000,0.000000,1.000000,0.000000,0.000000,0.000000,1.000000,1.000000,1.000000,0.000000,0.000000,4.000000,1.000000,0.000000,1.000000,1,0
flamingo_2,0.000000,1.000000,1.000000,0.000000,1.000000,0.000000,0.000000,0.000000,1.000000,1.000000,0.000000,0.000000,2.000000,1.000000,0.000000,1.000000,2,0
flea_2,0.000000,0.000000,1.000000,0.000000,0.000000,0.000000,0.000000,0.000000,0.000000,1.000000,0.000000,0.000000,6.000000,0.000000,0.000000,0.000000,6,0
frog_2,0.000000,0.000000,1.000000,0.000000,0.000000,1.000000,1.000000,1.000000,1.000000,1.000000,0.000000,0.000000,4.000000,0.000000,0.000000,0.000000,5,0
frog1_2,0.000000,0.000000,1.000000,0.000000,0.000000,1.000000,1.000000,1.000000,1.000000,1.000000,1.000000,0.000000,4.000000,0.000000,0.000000,0.000000,5,0
fruitbat_2,1.000000,0.000000,0.000000,1.000000,1.000000,0.000000,0.000000,1.000000,1.000000,1.000000,0.000000,0.000000,2.000000,1.000000,0.000000,0.000000,1,0
giraffe_2,1.000000,0.000000,0.000000,1.000000,0.000000,0.000000,0.000000,1.000000,1.000000,1.000000,0.000000,0.000000,4.000000,1.000000,0.000000,1.000000,1,0
girl_2,1.000000,0.000000,0.000000,1.000000,0.000000,0.000000,1.000000,1.000000,1.000000,1.000000,0.000000,0.000000,2.000000,0.000000,1.000000,1.000000,1,0
gnat_2,0.000000,0.000000,1.000000,0.000000,1.000000,0.000000,0.000000,0.000000,0.000000,1.000000,0.000000,0.000000,6.000000,0.000000,0.000000,0.000000,6,0
goat_2,1.000000,0.000000,0.000000,1.000000,0.000000,0.000000,0.000000,1.000000,1.000000,1.000000,0.000000,0.000000,4.000000,1.000000,1.000000,1.000000,1,0
gorilla_2,1.000000,0.000000,0.000000,1.000000,0.000000,0.000000,0.000000,1.000000,1.000000,1.000000,0.000000,0.000000,2.000000,0.000000,0.000000,1.000000,1,0
gull_2,0.000000,1.000000,1.000000,0.000000,1.000000,1.000000,1.000000,0.000000,1.000000,1.000000,0.000000,0.000000,2.000000,1.000000,0.000000,0.000000,2,0
haddock_2,0.000000,0.000000,1.000000,0.000000,0.000000,1.000000,0.000000,1.000000,1.000000,0.000000,0.000000,1.000000,0.000000,1.000000,0.000000,0.000000,4,0
hamster_2,1.000000,0.000000,0.000000,1.000000,0.000000,0.000000,0.000000,1.000000,1.000000,1.000000,0.000000,0.000000,4.000000,1.000000,1.000000,0.000000,1,0
hare_2,1.000000,0.000000,0.000000,1.000000,0.000000,0.000000,0.000000,1.000000,1.000000,1.000000,0.000000,0.000000,4.000000,1.000000,0.000000,0.000000,1,0
hawk_2,0.000000,1.000000,1.000000,0.000000,1.000000,0.000000,1.000000,0.000000,1.000000,1.000000,0.000000,0.000000,2.000000,1.000000,0.000000,0.000000,2,0
herring_2,0.000000,0.000000,1.000000,0.000000,0.000000,1.000000,1.000000,1.000000,1.000000,0.000000,0.000000,1.000000,0.000000,1.000000,0.000000,0.000000,4,0
honeybee_2,1.000000,0.000000,1.000000,0.000000,1.000000,0.000000,0.000000,0.000000,0.000000,1.000000,1.000000,0.000000,6.000000,0.000000,1.000000,0.000000,6,0
housefly_2,1.000000,0.000000,1.000000,0.000000,1.000000,0.000000,0.000000,0.000000,0.000000,1.000000,0.000000,0.000000,6.000000,0.000000,0.000000,0.000000,6,0
kiwi_2,0.000000,1.000000,1.000000,0.000000,0.000000,0.000000,1.000000,0.000000,1.000000,1.000000,0.000000,0.000000,2.000000,1.000000,0.000000,0.000000,2,0
ladybird_2,0.000000,0.000000,1.000000,0.000000,1.000000,0.000000,1.000000,0.000000,0.000000,1.000000,0.000000,0.000000,6.000000,0.000000,0.000000,0.000000,6,0
lark_2,0.000000,1.000000,1.000000,0.000000,1.000000,0.000000,0.000000,0.000000,1.000000,1.000000,0.000000,0.000000,2.000000,1.000000,0.000000,0.000000,2,0
leopard_2,1.000000,0.000000,0.000000,1.000000,0.000000,0.000000,1.000000,1.000000,1.000000,1.000000,0.000000,0.000000,4.000000,1.000000,0.000000,1.000000,1,0
lion_2,1.000000,0.000000,0.000000,1.000000,0.000000,0.000000,1.000000,1.000000,1.000000,1.000000,0.000000,0.000000,4.000000,1.000000,0.000000,1.000000,1,0
lobster_2,0.000000,0.000000,1.000000,0.000000,0.000000,1.000000,1.000000,0.000000,0.000000,0.000000,0.000000,0.000000,6.000000,0.000000,0.000000,0.000000,7,0
lynx_2,1.000000,0.000000,0.000000,1.000000,0.000000,0.000000,1.000000,1.000000,1.000000,1.000000,0.000000,0.000000,4.000000,1.000000,0.000000,1.000000,1,0
mink_2,1.000000,0.000000,0.000000,1.000000,0.000000,1.000000,1.000000,1.000000,1.000000,1.000000,0.000000,0.000000,4.000000,1.000000,0.000000,1.000000,1,0
mole_2,1.000000,0.000000,0.000000,1.000000,0.000000,0.000000,1.000000,1.000000,1.000000,1.000000,0.000000,0.000000,4.000000,1.000000,0.000000,0.000000,1,0
mongoose_2,1.000000,0.000000,0.000000,1.000000,0.000000,0.000000,1.000000,1.000000,1.000000,1.000000,0.000000,0.000000,4.000000,1.000000,0.000000,1.000000,1,0
moth_2,1.000000,0.000000,1.000000,0.000000,1.000000,0.000000,0.000000,0.000000,0.000000,1.000000,0.000000,0.000000,6.000000,0.000000,0.000000,0.000000,6,0
newt_2,0.000000,0.000000,1.000000,0.000000,0.000000,1.000000,1.000000,1.000000,1.000000,1.000000,0.000000,0.000000,4.000000,1.000000,0.000000,0.000000,5,0
octopus_2,0.000000,0.000000,1.000000,0.000000,0.000000,1.000000,1.000000,0.000000,0.000000,0.000000,0.000000,0.000000,8.000000,0.000000,0.000000,1.000000,7,0
opossum_2,1.000000,0.000000,0.000000,1.000000,0.000000,0.000000,1.000000,1.000000,1.000000,1.000000,0.000000,0.000000,4.000000,1.000000,0.000000,0.000000,1,0
oryx_2,1.000000,0.000000,0.000000,1.000000,0.000000,0.000000,0.000000,1.000000,1.000000,1.000000,0.000000,0.000000,4.000000,1.000000,0.000000,1.000000,1,0
ostrich_2,0.000000,1.000000,1.000000,0.000000,0.000000,0.000000,0.000000,0.000000,1.000000,1.000000,0.000000,0.000000,2.000000,1.000000,0.000000,1.000000,2,0
parakeet_2,0.000000,1.000000,1.000000,0.000000,1.000000,0.000000,0.000000,0.000000,1.000000,1.000000,0.000000,0.000000,2.000000,1.000000,1.000000,0.000000,2,0
penguin_2,0.000000,1.000000,1.000000,0.000000,0.000000,1.000000,1.000000,0.000000,1.000000,1.000000,0.000000,0.000000,2.000000,1.000000,0.000000,1.000000,2,0
pheasant_2,0.000000,1.000000,1.000000,0.000000,1.000000,0.000000,0.000000,0.000000,1.000000,1.000000,0.000000,0.000000,2.000000,1.000000,0.000000,0.000000,2,0
pike_2,0.000000,0.000000,1.000000,0.000000,0.000000,1.000000,1.000000,1.000000,1.000000,0.000000,0.000000,1.000000,0.000000,1.000000,0.000000,1.000000,4,0
piranha_2,0.000000,0.000000,1.000000,0.000000,0.000000,1.000000,1.000000,1.000000,1.000000,0.000000,0.000000,1.000000,0.000000,1.000000,0.000000,0.000000,4,0
pitviper_2,0.000000,0.000000,1.000000,0.000000,0.000000,0.000000,1.000000,1.000000,1.000000,1.000000,1.000000,0.000000,0.000000,1.000000,0.000000,0.000000,3,0
platypus_2,1.000000,0.000000,1.000000,1.000000,0.000000,1.000000,1.000000,0.000000,1.000000,1.000000,0.000000,0.000000,4.000000,1.000000,0.000000,1.000000,1,0
polecat_2,1.000000,0.000000,0.000000,1.000000,0.000000,0.000000,1.000000,1.000000,1.000000,1.000000,0.000000,0.000000,4.000000,1.000000,0.000000,1.000000,1,0
pony_2,1.000000,0.000000,0.000000,1.000000,0.000000,0.000000,0.000000,1.000000,1.000000,1.000000,0.000000,0.000000,4.000000,1.000000,1.000000,1.000000,1,0
porpoise_2,0.000000,0.000000,0.000000,1.000000,0.000000,1.000000,1.000000,1.000000,1.000000,1.000000,0.000000,1.000000,0.000000,1.000000,0.000000,1.000000,1,0
puma_2,1.000000,0.000000,0.000000,1.000000,0.000000,0.000000,1.000000,1.000000,1.000000,1.000000,0.000000,0.000000,4.000000,1.000000,0.000000,1.000000,1,0
pussycat_2,1.000000,0.000000,0.000000,1.000000,0.000000,0.000000,1.000000,1.000000,1.000000,1.000000,0.000000,0.000000,4.000000,1.000000,1.000000,1.000000,1,0
raccoon_2,1.000000,0.000000,0.000000,1.000000,0.000000,0.000000,1.000000,1.000000,1.000000,1.000000,0.000000,0.000000,4.000000,1.000000,0.000000,1.000000,1,0
reindeer_2,1.000000,0.000000,0.000000,1.000000,0.000000,0.000000,0.000000,1.000000,1.000000,1.000000,0.000000,0.000000,4.000000,1.000000,1.000000,1.000000,1,0
rhea_2,0.000000,1.000000,1.000000,0.000000,0.000000,0.000000,1.000000,0.000000,1.000000,1.000000,0.000000,0.000000,2.000000,1.000000,0.000000,1.000000,2,0
scorpion_2,0.000000,0.000000,0.000000,0.000000,0.000000,0.000000,1.000000,0.000000,0.000000,1.000000,1.000000,0.000000,8.000000,1.000000,0.000000,0.000000,7,0
seahorse_2,0.000000,0.000000,1.000000,0.000000,0.000000,1.000000,0.000000,1.000000,1.000000,0.000000,0.000000,1.000000,0.000000,1.000000,0.000000,0.000000,4,0
seal_2,1.000000,0.000000,0.000000,1.000000,0.000000,1.000000,1.000000,1.000000,1.000000,1.000000,0.000000,1.000000,0.000000,0.000000,0.000000,1.000000,1,0
sealion_2,1.000000,0.000000,0.000000,1.000000,0.000000,1.000000,1.000000,1.000000,1.000000,1.000000,0.000000,1.000000,2.000000,1.000000,0.000000,1.000000,1,0
seasnake_2,0.000000,0.000000,0.000000,0.000000,0.000000,1.000000,1.000000,1.000000,1.000000,0.000000,1.000000,0.000000,0.000000,1.000000,0.000000,0.000000,3,0
seawasp_2,0.000000,0.000000,1.000000,0.000000,0.000000,1.000000,1.000000,0.000000,0.000000,0.000000,1.000000,0.000000,0.000000,0.000000,0.000000,0.000000,7,0
skimmer_2,0.000000,1.000000,1.000000,0.000000,1.000000,1.000000,1.000000,0.000000,1.000000,1.000000,0.000000,0.000000,2.000000,1.000000,0.000000,0.000000,2,0
skua_2,0.000000,1.000000,1.000000,0.000000,1.000000,1.000000,1.000000,0.000000,1.000000,1.000000,0.000000,0.000000,2.000000,1.000000,0.000000,0.000000,2,0
slowworm_2,0.000000,0.000000,1.000000,0.000000,0.000000,0.000000,1.000000,1.000000,1.000000,1.000000,0.000000,0.000000,0.000000,1.000000,0.000000,0.000000,3,0
slug_2,0.000000,0.000000,1.000000,0.000000,0.000000,0.000000,0.000000,0.000000,0.000000,1.000000,0.000000,0.000000,0.000000,0.000000,0.000000,0.000000,7,0
sole_2,0.000000,0.000000,1.000000,0.000000,0.000000,1.000000,0.000000,1.000000,1.000000,0.000000,0.000000,1.000000,0.000000,1.000000,0.000000,0.000000,4,0
sparrow_2,0.000000,1.000000,1.000000,0.000000,1.000000,0.000000,0.000000,0.000000,1.000000,1.000000,0.000000,0.000000,2.000000,1.000000,0.000000,0.000000,2,0
squirrel_2,1.000000,0.000000,0.000000,1.000000,0.000000,0.000000,0.000000,1.000000,1.000000,1.000000,0.000000,0.000000,2.000000,1.000000,0.000000,0.000000,1,0
starfish_2,0.000000,0.000000,1.000000,0.000000,0.000000,1.000000,1.000000,0.000000,0.000000,0.000000,0.000000,0.000000,5.000000,0.000000,0.000000,0.000000,7,0
stingray_2,0.000000,0.000000,1.000000,0.000000,0.000000,1.000000,1.000000,1.000000,1.000000,0.000000,1.000000,1.000000,0.000000,1.000000,0.000000,1.000000,4,0
swan_2,0.000000,1.000000,1.000000,0.000000,1.000000,1.000000,0.000000,0.000000,1.000000,1.000000,0.000000,0.000000,2.000000,1.000000,0.000000,1.000000,2,0
termite_2,0.000000,0.000000,1.000000,0.000000,0.000000,0.000000,0.000000,0.000000,0.000000,1.000000,0.000000,0.000000,6.000000,0.000000,0.000000,0.000000,6,0
toad_2,0.000000,0.000000,1.000000,0.000000,0.000000,1.000000,0.000000,1.000000,1.000000,1.000000,0.000000,0.000000,4.000000,0.000000,0.000000,0.000000,5,0
tortoise_2,0.000000,0.000000,1.000000,0.000000,0.000000,0.000000,0.000000,0.000000,1.000000,1.000000,0.000000,0.000000,4.000000,1.000000,0.000000,1.000000,3,0
tuatara_2,0.000000,0.000000,1.000000,0.000000,0.000000,0.000000,1.000000,1.000000,1.000000,1.000000,0.000000,0.000000,4.000000,1.000000,0.000000,0.000000,3,0
tuna_2,0.000000,0.000000,1.000000,0.000000,0.000000,1.000000,1.000000,1.000000,1.000000,0.000000,0.000000,1.000000,0.000000,1.000000,0.000000,1.000000,4,0
vampire_2,1.000000,0.000000,0.000000,1.000000,1.000000,0.000000,0.000000,1.000000,1.000000,1.000000,0.000000,0.000000,2.000000,1.000000,0.000000,0.000000,1,0
vole_2,1.000000,0.000000,0.000000,1.000000,0.000000,0.000000,0.000000,1.000000,1.000000,1.000000,0.000000,0.000000,4.000000,1.000000,0.000000,0.000000,1,0
vulture_2,0.000000,1.000000,1.000000,0.000000,1.000000,0.000000,1.000000,0.000000,1.000000,1.000000,0.000000,0.000000,2.000000,1.000000,0.000000,1.000000,2,0
wallaby_2,1.000000,0.000000,0.000000,1.000000,0.000000,0.000000,0.000000,1.000000,1.000000,1.000000,0.000000,0.000000,2.000000,1.000000,0.000000,1.000000,1,0
wasp_2,1.000000,0.000000,1.000000,0.000000,1.000000,0.000000,0.000000,0.000000,0.000000,1.000000,1.000000,0.000000,6.000000,0.000000,0.000000,0.000000,6,0
wolf_2,1.000000,0.000000,0.000000,1.000000,0.000000,0.000000,1.000000,1.000000,1.000000,1.000000,0.000000,0.000000,4.000000,1.000000,0.000000,1.000000,1,0
worm_2,0.000000,0.000000,1.000000,0.000000,0.000000,0.000000,0.000000,0.000000,0.000000,1.000000,0.000000,0.000000,0.000000,0.000000,0.000000,0.000000,7,0
wren_2,0.000000,1.000000,1.000000,0.000000,1.000000,0.000000,0.000000,0.000000,1.000000,1.000000,0.000000,0.000000,2.000000,1.000000,0.000000,0.000000,2,0
flea-with-teeth_2,0.000000,0.000000,1.000000,0.000000,0.000000,0.000000,0.000000,1.000000,0.000000,1.000000,0.000000,0.000000,6.000000,0.000000,0.000000,0.000000,0,0
predator-with-hair_2,0.000000,1.000000,0.000000,0.000000,0.000000,0.000000,1.000000,0.000000,0.000000,0.000000,0.000000,0.000000,0.000000,0.000000,0.000000,0.000000,0,0
six-legged-aquatic-egg-layer_2,0.000000,0.000000,1.000000,0.000000,0.000000,1.000000,0.000000,0.000000,0.000000,0.000000,0.000000,0.000000,6.000000,0.000000,0.000000,0.000000,0,0
a_aardvark_2,1.000000,0.000000,0.000000,1.000000,0.000000,0.000000,1.000000,1.000000,1.000000,1.000000,0.000000,0.000000,4.000000,0.000000,0.000000,1.000000,1,0
a_antelope_2,1.000000,0.000000,0.000000,1.000000,0.000000,0.000000,0.000000,1.000000,1.000000,1.000000,0.000000,0.000000,4.000000,1.000000,0.000000,1.000000,1,0
a_bass_2,0.000000,0.000000,1.000000,0.000000,0.000000,1.000000,1.000000,1.000000,1.000000,0.000000,0.000000,1.000000,0.000000,1.000000,0.000000,0.000000,4,0
a_bear_2,1.000000,0.000000,0.000000,1.000000,0.000000,0.000000,1.000000,1.000000,1.000000,1.000000,0.000000,0.000000,4.000000,0.000000,0.000000,1.000000,1,0
a_boar_2,1.000000,0.000000,0.000000,1.000000,0.000000,0.000000,1.000000,1.000000,1.000000,1.000000,0.000000,0.000000,4.000000,1.000000,0.000000,1.000000,1,0
a_buffalo_2,1.000000,0.000000,0.000000,1.000000,0.000000,0.000000,0.000000,1.000000,1.000000,1.000000,0.000000,0.000000,4.000000,1.000000,0.000000,1.000000,1,0
a_calf_2,1.000000,0.000000,0.000000,1.000000,0.000000,0.000000,0.000000,1.000000,1.000000,1.000000,0.000000,0.000000,4.000000,1.000000,1.000000,1.000000,1,0
a_carp_2,0.000000,0.000000,1.000000,0.000000,0.000000,1.000000,0.000000,1.000000,1.000000,0.000000,0.000000,1.000000,0.000000,1.000000,1.000000,0.000000,4,0
a_catfish_2,0.000000,0.000000,1.000000,0.000000,0.000000,1.000000,1.000000,1.000000,1.000000,0.000000,0.000000,1.000000,0.000000,1.000000,0.000000,0.000000,4,0
aardvark_3,1.000000,0.000000,0.000000,1.000000,0.000000,0.000000,1.000000,1.000000,1.000000,1.000000,0.000000,0.000000,4.000000,0.000000,0.000000,1.000000,1,0
antelope_3,1.000000,0.000000,0.000000,1.000000,0.000000,0.000000,0.000000,1.000000,1.000000,1.000000,0.000000,0.000000,4.000000,1.000000,0.000000,1.000000,1,0
bass_3,0.000000,0.000000,1.000000,0.000000,0.000000,1.000000,1.000000,1.000000,1.000000,0.000000,0.000000,1.000000,0.000000,1.000000,0.000000,0.000000,4,0
bear_3,1.000000,0.000000,0.000000,1.000000,0.000000,0.000000,1.000000,1.000000,1.000000,1.000000,0.000000,0.000000,4.000000,0.000000,0.000000,1.000000,1,0
boar_3,1.000000,0.000000,0.000000,1.000000,0.000000,0.000000,1.000000,1.000000,1.000000,1.000000,0.000000,0.000000,4.000000,1.000000,0.000000,1.000000,1,0
buffalo_3,1.000000,0.000000,0.000000,1.000000,0.000000,0.000000,0.000000,1.000000,1.000000,1.000000,0.000000,0.000000,4.000000,1.000000,0.000000,1.000000,1,0
calf_3,1.000000,0.000000,0.000000,1.000000,0.000000,0.000000,0.000000,1.000000,1.000000,1.000000,0.000000,0.000000,4.000000,1.000000,1.000000,1.000000,1,0
carp_3,0.000000,0.000000,1.000000,0.000000,0.000000,1.000000,0.000000,1.000000,1.000000,0.000000,0.000000,1.000000,0.000000,1.000000,1.000000,0.000000,4,0
catfish_3,0.000000,0.000000,1.000000,0.000000,0.000000,1.000000,1.000000,1.000000,1.000000,0.000000,0.000000,1.000000,0.000000,1.000000,0.000000,0.000000,4,0
cavy_3,1.000000,0.000000,0.000000,1.000000,0.000000,0.000000,0.000000,1.000000,1.000000,1.000000,0.000000,0.000000,4.000000,0.000000,1.000000,0.000000,1,0
cheetah_3,1.000000,0.000000,0.000000,1.000000,0.000000,0.000000,1.000000,1.000000,1.000000,1.000000,0.000000,0.000000,4.000000,1.000000,0.000000,1.000000,1,0
chicken_3,0.000000,1.000000,1.000000,0.000000,1.000000,0.000000,0.000000,0.000000,1.000000,1.000000,0.000000,0.000000,2.000000,1.000000,1.000000,0.000000,2,0
chub_3,0.000000,0.000000,1.000000,0.000000,0.000000,1.000000,1.000000,1.000000,1.000000,0.000000,0.000000,1.000000,0.000000,1.000000,0.000000,0.000000,4,0
crab_3,0.000000,0.000000,1.000000,0.000000,0.000000,1.000000,1.000000,0.000000,0.000000,0.000000,0.000000,0.000000,4.000000,0.000000,0.000000,0.000000,7,0
crayfish_3,0.000000,0.000000,1.000000,0.000000,0.000000,1.000000,1.000000,0.000000,0.000000,0.000000,0.000000,0.000000,6.000000,0.000000,0.000000,0.000000,7,0
crow_3,0.000000,1.000000,1.000000,0.000000,1.000000,0.000000,1.000000,0.000000,1.000000,1.000000,0.000000,0.000000,2.000000,1.000000,0.000000,0.000000,2,0
deer_3,1.000000,0.000000,0.000000,1.000000,0.000000,0.000000,0.000000,1.000000,1.000000,1.000000,0.000000,0.000000,4.000000,1.000000,0.000000,1.000000,1,0
dogfish_3,0.000000,0.000000,1.000000,0.000000,0.000000,1.000000,1.000000,1.000000,1.000000,0.000000,0.000000,1.000000,0.000000,1.000000,0.000000,1.000000,4,0
dolphin_3,0.000000,0.000000,0.000000,1.000000,0.000000,1.000000,1.000000,1.000000,1.000000,1.000000,0.000000,1.000000,0.000000,1.000000,0.000000,1.000000,1,0
dove_3,0.000000,1.000000,1.000000,0.000000,1.000000,0.000000,0.000000,0.000000,1.000000,1.000000,0.000000,0.000000,2.000000,1.000000,1.000000,0.000000,2,0
duck_3,0.000000,1.000000,1.000000,0.000000,1.000000,1.000000,0.000000,0.000000,1.000000,1.000000,0.000000,0.000000,2.000000,1.000000,0.000000,0.000000,2,0
elephant_3,1.000000,0.000000,0.000000,1.000000,0.000000,0.000000,0.000000,1.000000,1.000000,1.000000,0.000000,0.000000,4.000000,1.000000,0.000000,1.000000,1,0
flamingo_3,0.000000,1.000000,1.000000,0.000000,1.000000,0.000000,0.000000,0.000000,1.000000,1.000000,0.000000,0.000000,2.000000,1.000000,0.000000,1.000000,2,0
flea_3,0.000000,0.000000,1.000000,0.000000,0.000000,0.000000,0.000000,0.000000,0.000000,1.000000,0.000000,0.000000,6.000000,0.000000,0.000000,0.000000,6,0
frog_3,0.000000,0.000000,1.000000,0.000000,0.000000,1.000000,1.000000,1.000000,1.000000,1.000000,0.000000,0.000000,4.000000,0.000000,0.000000,0.000000,5,0
frog1_3,0.000000,0.000000,1.000000,0.000000,0.000000,1.000000,1.000000,1.000000,1.000000,1.000000,1.000000,0.000000,4.000000,0.000000,0.000000,0.000000,5,0
fruitbat_3,1.000000,0.000000,0.000000,1.000000,1.000000,0.000000,0.000000,1.000000,1.000000,1.000000,0.000000,0.000000,2.000000,1.000000,0.000000,0.000000,1,0
giraffe_3,1.000000,0.000000,0.000000,1.000000,0.000000,0.000000,0.000000,1.000000,1.000000,1.000000,0.000000,0.000000,4.000000,1.000000,0.000000,1.000000,1,0
girl_3,1.000000,0.000000,0.000000,1.000000,0.000000,0.000000,1.000000,1.000000,1.000000,1.000000,0.000000,0.000000,2.000000,0.000000,1.000000,1.000000,1,0
gnat_3,0.000000,0.000000,1.000000,0.000000,1.000000,0.000000,0.000000,0.000000,0.000000,1.000000,0.000000,0.000000,6.000000,0.000000,0.000000,0.000000,6,0
goat_3,1.000000,0.000000,0.000000,1.000000,0.000000,0.000000,0.000000,1.000000,1.000000,1.000000,0.000000,0.000000,4.000000,1.000000,1.000000,1.000000,1,0
gorilla_3,1.000000,0.000000,0.000000,1.000000,0.000000,0.000000,0.000000,1.000000,1.000000,1.000000,0.000000,0.000000,2.000000,0.000000,0.000000,1.000000,1,0
gull_3,0.000000,1.000000,1.000000,0.000000,1.000000,1.000000,1.000000,0.000000,1.000000,1.000000,0.000000,0.000000,2.000000,1.000000,0.000000,0.000000,2,0
haddock_3,0.000000,0.000000,1.000000,0.000000,0.000000,1.000000,0.000000,1.000000,1.000000,0.000000,0.000000,1.000000,0.000000,1.000000,0.000000,0.000000,4,0
hamster_3,1.000000,0.000000,0.000000,1.000000,0.000000,0.000000,0.000000,1.000000,1.000000,1.000000,0.000000,0.000000,4.000000,1.000000,1.000000,0.000000,1,0
hare_3,1.000000,0.000000,0.000000,1.000000,0.000000,0.000000,0.000000,1.000000,1.000000,1.000000,0.000000,0.000000,4.000000,1.000000,0.000000,0.000000,1,0
hawk_3,0.000000,1.000000,1.000000,0.000000,1.000000,0.000000,1.000000,0.000000,1.000000,1.000000,0.000000,0.000000,2.000000,1.000000,0.000000,0.000000,2,0
herring_3,0.000000,0.000000,1.000000,0.000000,0.000000,1.000000,1.000000,1.000000,1.000000,0.000000,0.000000,1.000000,0.000000,1.000000,0.000000,0.000000,4,0
honeybee_3,1.000000,0.000000,1.000000,0.000000,1.000000,0.000000,0.000000,0.000000,0.000000,1.000000,1.000000,0.000000,6.000000,0.000000,1.000000,0.000000,6,0
housefly_3,1.000000,0.000000,1.000000,0.000000,1.000000,0.000000,0.000000,0.000000,0.000000,1.000000,0.000000,0.000000,6.000000,0.000000,0.000000,0.000000,6,0
kiwi_3,0.000000,1.000000,1.000000,0.000000,0.000000,0.000000,1.000000,0.000000,1.000000,1.000000,0.000000,0.000000,2.000000,1.000000,0.000000,0.000000,2,0
ladybird_3,0.000000,0.000000,1.000000,0.000000,1.000000,0.000000,1.000000,0.000000,0.000000,1.000000,0.000000,0.000000,6.000000,0.000000,0.000000,0.000000,6,0
lark_3,0.000000,1.000000,1.000000,0.000000,1.000000,0.000000,0.000000,0.000000,1.000000,1.000000,0.000000,0.000000,2.000000,1.000000,0.000000,0.000000,2,0
leopard_3,1.000000,0.000000,0.000000,1.000000,0.000000,0.000000,1.000000,1.000000,1.000000,1.000000,0.000000,0.000000,4.000000,1.000000,0.000000,1.000000,1,0
lion_3,1.000000,0.000000,0.000000,1.000000,0.000000,0.000000,1.000000,1.000000,1.000000,1.000000,0.000000,0.000000,4.000000,1.000000,0.000000,1.000000,1,0
lobster_3,0.000000,0.000000,1.000000,0.000000,0.000000,1.000000,1.000000,0.000000,0.000000,0.000000,0.000000,0.000000,6.000000,0.000000,0.000000,0.000000,7,0
lynx_3,1.000000,0.000000,0.000000,1.000000,0.000000,0.000000,1.000000,1.000000,1.000000,1.000000,0.000000,0.000000,4.000000,1.000000,0.000000,1.000000,1,0
mink_3,1.000000,0.000000,0.000000,1.000000,0.000000,1.000000,1.000000,1.000000,1.000000,1.000000,0.000000,0.000000,4.000000,1.000000,0.000000,1.000000,1,0
mole_3,1.000000,0.000000,0.000000,1.000000,0.000000,0.000000,1.000000,1.000000,1.000000,1.000000,0.000000,0.000000,4.000000,1.000000,0.000000,0.000000,1,0
mongoose_3,1.000000,0.000000,0.000000,1.000000,0.000000,0.000000,1.000000,1.000000,1.000000,1.000000,0.000000,0.000000,4.000000,1.000000,0.000000,1.000000,1,0
moth_3,1.000000,0.000000,1.000000,0.000000,1.000000,0.000000,0.000000,0.000000,0.000000,1.000000,0.000000,0.000000,6.000000,0.000000,0.000000,0.000000,6,0
newt_3,0.000000,0.000000,1.000000,0.000000,0.000000,1.000000,1.000000,1.000000,1.000000,1.000000,0.000000,0.000000,4.000000,1.000000,0.000000,0.000000,5,0
octopus_3,0.000000,0.000000,1.000000,0.000000,0.000000,1.000000,1.000000,0.000000,0.000000,0.000000,0.000000,0.000000,8.000000,0.000000,0.000000,1.000000,7,0
opossum_3,1.000000,0.000000,0.000000,1.000000,0.000000,0.000000,1.000000,1.000000,1.000000,1.000000,0.000000,0.000000,4.000000,1.000000,0.000000,0.000000,1,0
oryx_3,1.000000,0.000000,0.000000,1.000000,0.000000,0.000000,0.000000,1.000000,1.000000,1.000000,0.000000,0.000000,4.000000,1.000000,0.000000,1.000000,1,0
ostrich_3,0.000000,1.000000,1.000000,0.000000,0.000000,0.000000,0.000000,0.000000,1.000000,1.000000,0.000000,0.000000,2.000000,1.000000,0.000000,1.000000,2,0
parakeet_3,0.000000,1.000000,1.000000,0.000000,1.000000,0.000000,0.000000,0.000000,1.000000,1.000000,0.000000,0.000000,2.000000,1.000000,1.000000,0.000000,2,0
penguin_3,0.000000,1.000000,1.000000,0.000000,0.000000,1.000000,1.000000,0.000000,1.000000,1.000000,0.000000,0.000000,2.000000,1.000000,0.000000,1.000000,2,0
pheasant_3,0.000000,1.000000,1.000000,0.000000,1.000000,0.000000,0.000000,0.000000,1.000000,1.000000,0.000000,0.000000,2.000000,1.000000,0.000000,0.000000,2,0
pike_3,0.000000,0.000000,1.000000,0.000000,0.000000,1.000000,1.000000,1.000000,1.000000,0.000000,0.000000,1.000000,0.000000,1.000000,0.000000,1.000000,4,0
piranha_3,0.000000,0.000000,1.000000,0.000000,0.000000,1.000000,1.000000,1.000000,1.000000,0.000000,0.000000,1.000000,0.000000,1.000000,0.000000,0.000000,4,0
pitviper_3,0.000000,0.000000,1.000000,0.000000,0.000000,0.000000,1.000000,1.000000,1.000000,1.000000,1.000000,0.000000,0.000000,1.000000,0.000000,0.000000,3,0
platypus_3,1.000000,0.000000,1.000000,1.000000,0.000000,1.000000,1.000000,0.000000,1.000000,1.000000,0.000000,0.000000,4.000000,1.000000,0.000000,1.000000,1,0
polecat_3,1.000000,0.000000,0.000000,1.000000,0.000000,0.000000,1.000000,1.000000,1.000000,1.000000,0.000000,0.000000,4.000000,1.000000,0.000000,1.000000,1,0
pony_3,1.000000,0.000000,0.000000,1.000000,0.000000,0.000000,0.000000,1.000000,1.000000,1.000000,0.000000,0.000000,4.000000,1.000000,1.000000,1.000000,1,0
porpoise_3,0.000000,0.000000,0.000000,1.000000,0.000000,1.000000,1.000000,1.000000,1.000000,1.000000,0.000000,1.000000,0.000000,1.000000,0.000000,1.000000,1,0
puma_3,1.000000,0.000000,0.000000,1.000000,0.000000,0.000000,1.000000,1.000000,1.000000,1.000000,0.000000,0.000000,4.000000,1.000000,0.000000,1.000000,1,0
pussycat_3,1.000000,0.000000,0.000000,1.000000,0.000000,0.000000,1.000000,1.000000,1.000000,1.000000,0.000000,0.000000,4.000000,1.000000,1.000000,1.000000,1,0
raccoon_3,1.000000,0.000000,0.000000,1.000000,0.000000,0.000000,1.000000,1.000000,1.000000,1.000000,0.000000,0.000000,4.000000,1.000000,0.000000,1.000000,1,0
reindeer_3,1.000000,0.000000,0.000000,1.000000,0.000000,0.000000,0.000000,1.000000,1.000000,1.000000,0.000000,0.000000,4.000000,1.000000,1.000000,1.000000,1,0
rhea_3,0.000000,1.000000,1.000000,0.000000,0.000000,0.000000,1.000000,0.000000,1.000000,1.000000,0.000000,0.000000,2.000000,1.000000,0.000000,1.000000,2,0
scorpion_3,0.000000,0.000000,0.000000,0.000000,0.000000,0.000000,1.000000,0.000000,0.000000,1.000000,1.000000,0.000000,8.000000,1.000000,0.000000,0.000000,7,0
seahorse_3,0.000000,0.000000,1.000000,0.000000,0.000000,1.000000,0.000000,1.000000,1.000000,0.000000,0.000000,1.000000,0.000000,1.000000,0.000000,0.000000,4,0
seal_3,1.000000,0.000000,0.000000,1.000000,0.000000,1.000000,1.000000,1.000000,1.000000,1.000000,0.000000,1.000000,0.000000,0.000000,0.000000,1.000000,1,0
sealion_3,1.000000,0.000000,0.000000,1.000000,0.000000,1.000000,1.000000,1.000000,1.000000,1.000000,0.000000,1.000000,2.000000,1.000000,0.000000,1.000000,1,0
seasnake_3,0.000000,0.000000,0.000000,0.000000,0.000000,1.000000,1.000000,1.000000,1.000000,0.000000,1.000000,0.000000,0.000000,1.000000,0.000000,0.000000,3,0
seawasp_3,0.000000,0.000000,1.000000,0.000000,0.000000,1.000000,1.000000,0.000000,0.000000,0.000000,1.000000,0.000000,0.000000,0.000000,0.000000,0.000000,7,0
skimmer_3,0.000000,1.000000,1.000000,0.000000,1.000000,1.000000,1.000000,0.000000,1.000000,1.000000,0.000000,0.000000,2.000000,1.000000,0.000000,0.000000,2,0
skua_3,0.000000,1.000000,1.000000,0.000000,1.000000,1.000000,1.000000,0.000000,1.000000,1.000000,0.000000,0.000000,2.000000,1.000000,0.000000,0.000000,2,0
slowworm_3,0.000000,0.000000,1.000000,0.000000,0.000000,0.000000,1.000000,1.000000,1.000000,1.000000,0.000000,0.000000,0.000000,1.000000,0.000000,0.000000,3,0
slug_3,0.000000,0.000000,1.000000,0.000000,0.000000,0.000000,0.000000,0.000000,0.000000,1.000000,0.000000,0.000000,0.000000,0.000000,0.000000,0.000000,7,0
sole_3,0.000000,0.000000,1.000000,0.000000,0.000000,1.000000,0.000000,1.000000,1.000000,0.000000,0.000000,1.000000,0.000000,1.000000,0.000000,0.000000,4,0
sparrow_3,0.000000,1.000000,1.000000,0.000000,1.000000,0.000000,0.000000,0.000000,1.000000,1.000000,0.000000,0.000000,2.000000,1.000000,0.000000,0.000000,2,0
squirrel_3,1.000000,0.000000,0.000000,1.000000,0.000000,0.000000,0.000000,1.000000,1.000000,1.000000,0.000000,0.000000,2.000000,1.000000,0.000000,0.000000,1,0
starfish_3,0.000000,0.000000,1.000000,0.000000,0.000000,1.000000,1.000000,0.000000,0.000000,0.000000,0.000000,0.000000,5.000000,0.000000,0.000000,0.000000,7,0
stingray_3,0.000000,0.000000,1.000000,0.000000,0.000000,1.000000,1.000000,1.000000,1.000000,0.000000,1.000000,1.000000,0.000000,1.000000,0.000000,1.000000,4,0
swan_3,0.000000,1.000000,1.000000,0.000000,1.000000,1.000000,0.000000,0.000000,1.000000,1.000000,0.000000,0.000000,2.000000,1.000000,0.000000,1.000000,2,0
termite_3,0.000000,0.000000,1.000000,0.000000,0.000000,0.000000,0.000000,0.000000,0.000000,1.000000,0.000000,0.000000,6.000000,0.000000,0.000000,0.000000,6,0
toad_3,0.000000,0.000000,1.000000,0.000000,0.000000,1.000000,0.000000,1.000000,1.000000,1.000000,0.000000,0.000000,4.000000,0.000000,0.000000,0.000000,5,0
tortoise_3,0.000000,0.000000,1.000000,0.000000,0.000000,0.000000,0.000000,0.000000,1.000000,1.000000,0.000000,0.000000,4.000000,1.000000,0.000000,1.000000,3,0
tuatara_3,0.000000,0.000000,1.000000,0.000000,0.000000,0.000000,1.000000,1.000000,1.000000,1.000000,0.000000,0.000000,4.000000,1.000000,0.000000,0.000000,3,0
tuna_3,0.000000,0.000000,1.000000,0.000000,0.000000,1.000000,1.000000,1.000000,1.000000,0.000000,0.000000,1.000000,0.000000,1.000000,0.000000,1.000000,4,0
vampire_3,1.000000,0.000000,0.000000,1.000000,1.000000,0.000000,0.000000,1.000000,1.000000,1.000000,0.000000,0.000000,2.000000,1.000000,0.000000,0.000000,1,0
vole_3,1.000000,0.000000,0.000000,1.000000,0.000000,0.000000,0.000000,1.000000,1.000000,1.000000,0.000000,0.000000,4.000000,1.000000,0.000000,0.000000,1,0
vulture_3,0.000000,1.000000,1.000000,0.000000,1.000000,0.000000,1.000000,0.000000,1.000000,1.000000,0.000000,0.000000,2.000000,1.000000,0.000000,1.000000,2,0
wallaby_3,1.000000,0.000000,0.000000,1.000000,0.000000,0.000000,0.000000,1.000000,1.000000,1.000000,0.000000,0.000000,2.000000,1.000000,0.000000,1.000000,1,0
wasp_3,1.000000,0.000000,1.000000,0.000000,1.000000,0.000000,0.000000,0.000000,0.000000,1.000000,1.000000,0.000000,6.000000,0.000000,0.000000,0.000000,6,0
wolf_3,1.000000,0.000000,0.000000,1.000000,0.000000,0.000000,1.000000,1.000000,1.000000,1.000000,0.000000,0.000000,4.000000,1.000000,0.000000,1.000000,1,0
worm_3,0.000000,0.000000,1.000000,0.000000,0.000000,0.000000,0.000000,0.000000,0.000000,1.000000,0.000000,0.000000,0.000000,0.000000,0.000000,0.000000,7,0
wren_3,0.000000,1.000000,1.000000,0.000000,1.000000,0.000000,0.000000,0.000000,1.000000,1.000000,0.000000,0.000000,2.000000,1.000000,0.000000,0.000000,2,0
flea-with-teeth_3,0.000000,0.000000,1.000000,0.000000,0.000000,0.000000,0.000000,1.000000,0.000000,1.000000,0.000000,0.000000,6.000000,0.000000,0.000000,0.000000,0,0
predator-with-hair_3,0.000000,1.000000,0.000000,0.000000,0.000000,0.000000,1.000000,0.000000,0.000000,0.000000,0.000000,0.000000,0.000000,0.000000,0.000000,0.000000,0,0
six-legged-aquatic-egg-layer_3,0.000000,0.000000,1.000000,0.000000,0.000000,1.000000,0.000000,0.000000,0.000000,0.000000,0.000000,0.000000,6.000000,0.000000,0.000000,0.000000,0,0
a_aardvark_3,1.000000,0.000000,0.000000,1.000000,0.000000,0.000000,1.000000,1.000000,1.000000,1.000000,0.000000,0.000000,4.000000,0.000000,0.000000,1.000000,1,0
a_antelope_3,1.000000,0.000000,0.000000,1.000000,0.000000,0.000000,0.000000,1.000000,1.000000,1.000000,0.000000,0.000000,4.000000,1.000000,0.000000,1.000000,1,0
a_bass_3,0.000000,0.000000,1.000000,0.000000,0.000000,1.000000,1.000000,1.000000,1.000000,0.000000,0.000000,1.000000,0.000000,1.000000,0.000000,0.000000,4,0
a_bear_3,1.000000,0.000000,0.000000,1.000000,0.000000,0.000000,1.000000,1.000000,1.000000,1.000000,0.000000,0.000000,4.000000,0.000000,0.000000,1.000000,1,0
a_boar_3,1.000000,0.000000,0.000000,1.000000,0.000000,0.000000,1.000000,1.000000,1.000000,1.000000,0.000000,0.000000,4.000000,1.000000,0.000000,1.000000,1,0
a_buffalo_3,1.000000,0.000000,0.000000,1.000000,0.000000,0.000000,0.000000,1.000000,1.000000,1.000000,0.000000,0.000000,4.000000,1.000000,0.000000,1.000000,1,0
a_calf_3,1.000000,0.000000,0.000000,1.000000,0.000000,0.000000,0.000000,1.000000,1.000000,1.000000,0.000000,0.000000,4.000000,1.000000,1.000000,1.000000,1,0
a_carp_3,0.000000,0.000000,1.000000,0.000000,0.000000,1.000000,0.000000,1.000000,1.000000,0.000000,0.000000,1.000000,0.000000,1.000000,1.000000,0.000000,4,0
a_catfish_3,0.000000,0.000000,1.000000,0.000000,0.000000,1.000000,1.000000,1.000000,1.000000,0.000000,0.000000,1.000000,0.000000,1.000000,0.000000,0.000000,4,0
aardvark_4,1.000000,0.000000,0.000000,1.000000,0.000000,0.000000,1.000000,1.000000,1.000000,1.000000,0.000000,0.000000,4.000000,0.000000,0.000000,1.000000,1,0
antelope_4,1.000000,0.000000,0.000000,1.000000,0.000000,0.000000,0.000000,1.000000,1.000000,1.000000,0.000000,0.000000,4.000000,1.000000,0.000000,1.000000,1,0
bass_4,0.000000,0.000000,1.000000,0.000000,0.000000,1.000000,1.000000,1.000000,1.000000,0.000000,0.000000,1.000000,0.000000,1.000000,0.000000,0.000000,4,0
bear_4,1.000000,0.000000,0.000000,1.000000,0.000000,0.000000,1.000000,1.000000,1.000000,1.000000,0.000000,0.000000,4.000000,0.000000,0.000000,1.000000,1,0
boar_4,1.000000,0.000000,0.000000,1.000000,0.000000,0.000000,1.000000,1.000000,1.000000,1.000000,0.000000,0.000000,4.000000,1.000000,0.000000,1.000000,1,0
buffalo_4,1.000000,0.000000,0.000000,1.000000,0.000000,0.000000,0.000000,1.000000,1.000000,1.000000,0.000000,0.000000,4.000000,1.000000,0.000000,1.000000,1,0
calf_4,1.000000,0.000000,0.000000,1.000000,0.000000,0.000000,0.000000,1.000000,1.000000,1.000000,0.000000,0.000000,4.000000,1.000000,1.000000,1.000000,1,0
carp_4,0.000000,0.000000,1.000000,0.000000,0.000000,1.000000,0.000000,1.000000,1.000000,0.000000,0.000000,1.000000,0.000000,1.000000,1.000000,0.000000,4,0
catfish_4,0.000000,0.000000,1.000000,0.000000,0.000000,1.000000,1.000000,1.000000,1.000000,0.000000,0.000000,1.000000,0.000000,1.000000,0.000000,0.000000,4,0
cavy_4,1.000000,0.000000,0.000000,1.000000,0.000000,0.000000,0.000000,1.000000,1.000000,1.000000,0.000000,0.000000,4.000000,0.000000,1.000000,0.000000,1,0
cheetah_4,1.000000,0.000000,0.000000,1.000000,0.000000,0.000000,1.000000,1.000000,1.000000,1.000000,0.000000,0.000000,4.000000,1.000000,0.000000,1.000000,1,0
chicken_4,0.000000,1.000000,1.000000,0.000000,1.000000,0.000000,0.000000,0.000000,1.000000,1.000000,0.000000,0.000000,2.000000,1.000000,1.000000,0.000000,2,0
chub_4,0.000000,0.000000,1.000000,0.000000,0.000000,1.000000,1.000000,1.000000,1.000000,0.000000,0.000000,1.000000,0.000000,1.000000,0.000000,0.000000,4,0
crab_4,0.000000,0.000000,1.000000,0.000000,0.000000,1.000000,1.000000,0.000000,0.000000,0.000000,0.000000,0.000000,4.000000,0.000000,0.000000,0.000000,7,0
crayfish_4,0.000000,0.000000,1.000000,0.000000,0.000000,1.000000,1.000000,0.000000,0.000000,0.000000,0.000000,0.000000,6.000000,0.000000,0.000000,0.000000,7,0
crow_4,0.000000,1.000000,1.000000,0.000000,1.000000,0.000000,1.000000,0.000000,1.000000,1.000000,0.000000,0.000000,2.000000,1.000000,0.000000,0.000000,2,0
deer_4,1.000000,0.000000,0.000000,1.000000,0.000000,0.000000,0.000000,1.000000,1.000000,1.000000,0.000000,0.000000,4.000000,1.000000,0.000000,1.000000,1,0
dogfish_4,0.000000,0.000000,1.000000,0.000000,0.000000,1.000000,1.000000,1.000000,1.000000,0.000000,0.000000,1.000000,0.000000,1.000000,0.000000,1.000000,4,0
dolphin_4,0.000000,0.000000,0.000000,1.000000,0.000000,1.000000,1.000000,1.000000,1.000000,1.000000,0.000000,1.000000,0.000000,1.000000,0.000000,1.000000,1,0
dove_4,0.000000,1.000000,1.000000,0.000000,1.000000,0.000000,0.000000,0.000000,1.000000,1.000000,0.000000,0.000000,2.000000,1.000000,1.000000,0.000000,2,0
duck_4,0.000000,1.000000,1.000000,0.000000,1.000000,1.000000,0.000000,0.000000,1.000000,1.000000,0.000000,0.000000,2.000000,1.000000,0.000000,0.000000,2,0
elephant_4,1.000000,0.000000,0.000000,1.000000,0.000000,0.000000,0.000000,1.000000,1.000000,1.000000,0.000000,0.000000,4.000000,1.000000,0.000000,1.000000,1,0
flamingo_4,0.000000,1.000000,1.000000,0.000000,1.000000,0.000000,0.000000,0.000000,1.000000,1.000000,0.000000,0.000000,2.000000,1.000000,0.000000,1.000000,2,0
flea_4,0.000000,0.000000,1.000000,0.000000,0.000000,0.000000,0.000000,0.000000,0.000000,1.000000,0.000000,0.000000,6.000000,0.000000,0.000000,0.000000,6,0
frog_4,0.000000,0.000000,1.000000,0.000000,0.000000,1.000000,1.000000,1.000000,1.000000,1.000000,0.000000,0.000000,4.000000,0.000000,0.000000,0.000000,5,0
frog1_4,0.000000,0.000000,1.000000,0.000000,0.000000,1.000000,1.000000,1.000000,1.000000,1.000000,1.000000,0.000000,4.000000,0.000000,0.000000,0.000000,5,0
fruitbat_4,1.000000,0.000000,0.000000,1.000000,1.000000,0.000000,0.000000,1.000000,1.000000,1.000000,0.000000,0.000000,2.000000,1.000000,0.000000,0.000000,1,0
giraffe_4,1.000000,0.000000,0.000000,1.000000,0.000000,0.000000,0.000000,1.000000,1.000000,1.000000,0.000000,0.000000,4.000000,1.000000,0.000000,1.000000,1,0
girl_4,1.000000,0.000000,0.000000,1.000000,0.000000,0.000000,1.000000,1.000000,1.000000,1.000000,0.000000,0.000000,2.000000,0.000000,1.000000,1.000000,1,0
gnat_4,0.000000,0.000000,1.000000,0.000000,1.000000,0.000000,0.000000,0.000000,0.000000,1.000000,0.000000,0.000000,6.000000,0.000000,0.000000,0.000000,6,0
goat_4,1.000000,0.000000,0.000000,1.000000,0.000000,0.000000,0.000000,1.000000,1.000000,1.000000,0.000000,0.000000,4.000000,1.000000,1.000000,1.000000,1,0
gorilla_4,1.000000,0.000000,0.000000,1.000000,0.000000,0.000000,0.000000,1.000000,1.000000,1.000000,0.000000,0.000000,2.000000,0.000000,0.000000,1.000000,1,0
gull_4,0.000000,1.000000,1.000000,0.000000,1.000000,1.000000,1.000000,0.000000,1.000000,1.000000,0.000000,0.000000,2.000000,1.000000,0.000000,0.000000,2,0
haddock_4,0.000000,0.000000,1.000000,0.000000,0.000000,1.000000,0.000000,1.000000,1.000000,0.000000,0.000000,1.000000,0.000000,1.000000,0.000000,0.000000,4,0
hamster_4,1.000000,0.000000,0.000000,1.000000,0.000000,0.000000,0.000000,1.000000,1.000000,1.000000,0.000000,0.000000,4.000000,1.000000,1.000000,0.000000,1,0
hare_4,1.000000,0.000000,0.000000,1.000000,0.000000,0.000000,0.000000,1.000000,1.000000,1.000000,0.000000,0.000000,4.000000,1.000000,0.000000,0.000000,1,0
hawk_4,0.000000,1.000000,1.000000,0.000000,1.000000,0.000000,1.000000,0.000000,1.000000,1.000000,0.000000,0.000000,2.000000,1.000000,0.000000,0.000000,2,0
herring_4,0.000000,0.000000,1.000000,0.000000,0.000000,1.000000,1.000000,1.000000,1.000000,0.000000,0.000000,1.000000,0.000000,1.000000,0.000000,0.000000,4,0
honeybee_4,1.000000,0.000000,1.000000,0.000000,1.000000,0.000000,0.000000,0.000000,0.000000,1.000000,1.000000,0.000000,6.000000,0.000000,1.000000,0.000000,6,0
housefly_4,1.000000,0.000000,1.000000,0.000000,1.000000,0.000000,0.000000,0.000000,0.000000,1.000000,0.000000,0.000000,6.000000,0.000000,0.000000,0.000000,6,0
kiwi_4,0.000000,1.000000,1.000000,0.000000,0.000000,0.000000,1.000000,0.000000,1.000000,1.000000,0.000000,0.000000,2.000000,1.000000,0.000000,0.000000,2,0
ladybird_4,0.000000,0.000000,1.000000,0.000000,1.000000,0.000000,1.000000,0.000000,0.000000,1.000000,0.000000,0.000000,6.000000,0.000000,0.000000,0.000000,6,0
lark_4,0.000000,1.000000,1.000000,0.000000,1.000000,0.000000,0.000000,0.000000,1.000000,1.000000,0.000000,0.000000,2.000000,1.000000,0.000000,0.000000,2,0
leopard_4,1.000000,0.000000,0.000000,1.000000,0.000000,0.000000,1.000000,1.000000,1.000000,1.000000,0.000000,0.000000,4.000000,1.000000,0.000000,1.000000,1,0
lion_4,1.000000,0.000000,0.000000,1.000000,0.000000,0.000000,1.000000,1.000000,1.000000,1.000000,0.000000,0.000000,4.000000,1.000000,0.000000,1.000000,1,0
lobster_4,0.000000,0.000000,1.000000,0.000000,0.000000,1.000000,1.000000,0.000000,0.000000,0.000000,0.000000,0.000000,6.000000,0.000000,0.000000,0.000000,7,0
lynx_4,1.000000,0.000000,0.000000,1.000000,0.000000,0.000000,1.000000,1.000000,1.000000,1.000000,0.000000,0.000000,4.000000,1.000000,0.000000,1.000000,1,0
mink_4,1.000000,0.000000,0.000000,1.000000,0.000000,1.000000,1.000000,1.000000,1.000000,1.000000,0.000000,0.000000,4.000000,1.000000,0.000000,1.000000,1,0
mole_4,1.000000,0.000000,0.000000,1.000000,0.000000,0.000000,1.000000,1.000000,1.000000,1.000000,0.000000,0.000000,4.000000,1.000000,0.000000,0.000000,1,0
mongoose_4,1.000000,0.000000,0.000000,1.000000,0.000000,0.000000,1.000000,1.000000,1.000000,1.000000,0.000000,0.000000,4.000000,1.000000,0.000000,1.000000,1,0
moth_4,1.000000,0.000000,1.000000,0.000000,1.000000,0.000000,0.000000,0.000000,0.000000,1.000000,0.000000,0.000000,6.000000,0.000000,0.000000,0.000000,6,0
newt_4,0.000000,0.000000,1.000000,0.000000,0.000000,1.000000,1.000000,1.000000,1.000000,1.000000,0.000000,0.000000,4.000000,1.000000,0.000000,0.000000,5,0
octopus_4,0.000000,0.000000,1.000000,0.000000,0.000000,1.000000,1.000000,0.000000,0.000000,0.000000,0.000000,0.000000,8.000000,0.000000,0.000000,1.000000,7,0
opossum_4,1.000000,0.000000,0.000000,1.000000,0.000000,0.000000,1.000000,1.000000,1.000000,1.000000,0.000000,0.000000,4.000000,1.000000,0.000000,0.000000,1,0
oryx_4,1.000000,0.000000,0.000000,1.000000,0.000000,0.000000,0.000000,1.000000,1.000000,1.000000,0.000000,0.000000,4.000000,1.000000,0.000000,1.000000,1,0
ostrich_4,0.000000,1.000000,1.000000,0.000000,0.000000,0.000000,0.000000,0.000000,1.000000,1.000000,0.000000,0.000000,2.000000,1.000000,0.000000,1.000000,2,0
parakeet_4,0.000000,1.000000,1.000000,0.000000,1.000000,0.000000,0.000000,0.000000,1.000000,1.000000,0.000000,0.000000,2.000000,1.000000,1.000000,0.000000,2,0
penguin_4,0.000000,1.000000,1.000000,0.000000,0.000000,1.000000,1.000000,0.000000,1.000000,1.000000,0.000000,0.000000,2.000000,1.000000,0.000000,1.000000,2,0
pheasant_4,0.000000,1.000000,1.000000,0.000000,1.000000,0.000000,0.000000,0.000000,1.000000,1.000000,0.000000,0.000000,2.000000,1.000000,0.000000,0.000000,2,0
pike_4,0.000000,0.000000,1.000000,0.000000,0.000000,1.000000,1.000000,1.000000,1.000000,0.000000,0.000000,1.000000,0.000000,1.000000,0.000000,1.000000,4,0
piranha_4,0.000000,0.000000,1.000000,0.000000,0.000000,1.000000,1.000000,1.000000,1.000000,0.000000,0.000000,1.000000,0.000000,1.000000,0.000000,0.000000,4,0
pitviper_4,0.000000,0.000000,1.000000,0.000000,0.000000,0.000000,1.000000,1.000000,1.000000,1.000000,1.000000,0.000000,0.000000,1.000000,0.000000,0.000000,3,0
platypus_4,1.000000,0.000000,1.000000,1.000000,0.000000,1.000000,1.000000,0.000000,1.000000,1.000000,0.000000,0.000000,4.000000,1.000000,0.000000,1.000000,1,0
polecat_4,1.000000,0.000000,0.000000,1.000000,0.000000,0.000000,1.000000,1.000000,1.000000,1.000000,0.000000,0.000000,4.000000,1.000000,0.000000,1.000000,1,0
pony_4,1.000000,0.000000,0.000000,1.000000,0.000000,0.000000,0.000000,1.000000,1.000000,1.000000,0.000000,0.000000,4.000000,1.000000,1.000000,1.000000,1,0
porpoise_4,0.000000,0.000000,0.000000,1.000000,0.000000,1.000000,1.000000,1.000000,1.000000,1.000000,0.000000,1.000000,0.000000,1.000000,0.000000,1.000000,1,0
puma_4,1.000000,0.000000,0.000000,1.000000,0.000000,0.000000,1.000000,1.000000,1.000000,1.000000,0.000000,0.000000,4.000000,1.000000,0.000000,1.000000,1,0
pussycat_4,1.000000,0.000000,0.000000,1.000000,0.000000,0.000000,1.000000,1.000000,1.000000,1.000000,0.000000,0.000000,4.000000,1.000000,1.000000,1.000000,1,0
raccoon_4,1.000000,0.000000,0.000000,1.000000,0.000000,0.000000,1.000000,1.000000,1.000000,1.000000,0.000000,0.000000,4.000000,1.000000,0.000000,1.000000,1,0
reindeer_4,1.000000,0.000000,0.000000,1.000000,0.000000,0.000000,0.000000,1.000000,1.000000,1.000000,0.000000,0.000000,4.000000,1.000000,1.000000,1.000000,1,0
rhea_4,0.000000,1.000000,1.000000,0.000000,0.000000,0.000000,1.000000,0.000000,1.000000,1.000000,0.000000,0.000000,2.000000,1.000000,0.000000,1.000000,2,0
scorpion_4,0.000000,0.000000,0.000000,0.000000,0.000000,0.000000,1.000000,0.000000,0.000000,1.000000,1.000000,0.000000,8.000000,1.000000,0.000000,0.000000,7,0
seahorse_4,0.000000,0.000000,1.000000,0.000000,0.000000,1.000000,0.000000,1.000000,1.000000,0.000000,0.000000,1.000000,0.000000,1.000000,0.000000,0.000000,4,0
seal_4,1.000000,0.000000,0.000000,1.000000,0.000000,1.000000,1.000000,1.000000,1.000000,1.000000,0.000000,1.000000,0.000000,0.000000,0.000000,1.000000,1,0
sealion_4,1.000000,0.000000,0.000000,1.000000,0.000000,1.000000,1.000000,1.000000,1.000000,1.000000,0.000000,1.000000,2.000000,1.000000,0.000000,1.000000,1,0
seasnake_4,0.000000,0.000000,0.000000,0.000000,0.000000,1.000000,1.000000,1.000000,1.000000,0.000000,1.000000,0.000000,0.000000,1.000000,0.000000,0.000000,3,0
seawasp_4,0.000000,0.000000,1.000000,0.000000,0.000000,1.000000,1.000000,0.000000,0.000000,0.000000,1.000000,0.000000,0.000000,0.000000,0.000000,0.000000,7,0
skimmer_4,0.000000,1.000000,1.000000,0.000000,1.000000,1.000000,1.000000,0.000000,1.000000,1.000000,0.000000,0.000000,2.000000,1.000000,0.000000,0.000000,2,0
skua_4,0.000000,1.000000,1.000000,0.000000,1.000000,1.000000,1.000000,0.000000,1.000000,1.000000,0.000000,0.000000,2.000000,1.000000,0.000000,0.000000,2,0
slowworm_4,0.000000,0.000000,1.000000,0.000000,0.000000,0.000000,1.000000,1.000000,1.000000,1.000000,0.000000,0.000000,0.000000,1.000000,0.000000,0.000000,3,0
slug_4,0.000000,0.000000,1.000000,0.000000,0.000000,0.000000,0.000000,0.000000,0.000000,1.000000,0.000000,0.000000,0.000000,0.000000,0.000000,0.000000,7,0
sole_4,0.000000,0.000000,1.000000,0.000000,0.000000,1.000000,0.000000,1.000000,1.000000,0.000000,0.000000,1.000000,0.000000,1.000000,0.000000,0.000000,4,0
sparrow_4,0.000000,1.000000,1.000000,0.000000,1.000000,0.000000,0.000000,0.000000,1.000000,1.000000,0.000000,0.000000,2.000000,1.000000,0.000000,0.000000,2,0
squirrel_4,1.000000,0.000000,0.000000,1.000000,0.000000,0.000000,0.000000,1.000000,1.000000,1.000000,0.000000,0.000000,2.000000,1.000000,0.000000,0.000000,1,0
starfish_4,0.000000,0.000000,1.000000,0.000000,0.000000,1.000000,1.000000,0.000000,0.000000,0.000000,0.000000,0.000000,5.000000,0.000000,0.000000,0.000000,7,0
stingray_4,0.000000,0.000000,1.000000,0.000000,0.000000,1.000000,1.000000,1.000000,1.000000,0.000000,1.000000,1.000000,0.000000,1.000000,0.000000,1.000000,4,0
swan_4,0.000000,1.000000,1.000000,0.000000,1.000000,1.000000,0.000000,0.000000,1.000000,1.000000,0.000000,0.000000,2.000000,1.000000,0.000000,1.000000,2,0
termite_4,0.000000,0.000000,1.000000,0.000000,0.000000,0.000000,0.000000,0.000000,0.000000,1.000000,0.000000,0.000000,6.000000,0.000000,0.000000,0.000000,6,0
toad_4,0.000000,0.000000,1.000000,0.000000,0.000000,1.000000,0.000000,1.000000,1.000000,1.000000,0.000000,0.000000,4.000000,0.000000,0.000000,0.000000,5,0
tortoise_4,0.000000,0.000000,1.000000,0.000000,0.000000,0.000000,0.000000,0.000000,1.000000,1.000000,0.000000,0.000000,4.000000,1.000000,0.000000,1.000000,3,0
tuatara_4,0.000000,0.000000,1.000000,0.000000,0.000000,0.000000,1.000000,1.000000,1.000000,1.000000,0.000000,0.000000,4.000000,1.000000,0.000000,0.000000,3,0
tuna_4,0.000000,0.000000,1.000000,0.000000,0.000000,1.000000,1.000000,1.000000,1.000000,0.000000,0.000000,1.000000,0.000000,1.000000,0.000000,1.000000,4,0
vampire_4,1.000000,0.000000,0.000000,1.000000,1.000000,0.000000,0.000000,1.000000,1.000000,1.000000,0.000000,0.000000,2.000000,1.000000,0.000000,0.000000,1,0
vole_4,1.000000,0.000000,0.000000,1.000000,0.000000,0.000000,0.000000,1.000000,1.000000,1.000000,0.000000,0.000000,4.000000,1.000000,0.000000,0.000000,1,0
vulture_4,0.000000,1.000000,1.000000,0.000000,1.000000,0.000000,1.000000,0.000000,1.000000,1.000000,0.000000,0.000000,2.000000,1.000000,0.000000,1.000000,2,0
wallaby_4,1.000000,0.000000,0.000000,1.000000,0.000000,0.000000,0.000000,1.000000,1.000000,1.000000,0.000000,0.000000,2.000000,1.000000,0.000000,1.000000,1,0
wasp_4,1.000000,0.000000,1.000000,0.000000,1.000000,0.000000,0.000000,0.000000,0.000000,1.000000,1.000000,0.000000,6.000000,0.000000,0.000000,0.000000,6,0
wolf_4,1.000000,0.000000,0.000000,1.000000,0.000000,0.000000,1.000000,1.000000,1.000000,1.000000,0.000000,0.000000,4.000000,1.000000,0.000000,1.000000,1,0
worm_4,0.000000,0.000000,1.000000,0.000000,0.000000,0.000000,0.000000,0.000000,0.000000,1.000000,0.000000,0.000000,0.000000,0.000000,0.000000,0.000000,7,0
wren_4,0.000000,1.000000,1.000000,0.000000,1.000000,0.000000,0.000000,0.000000,1.000000,1.000000,0.000000,0.000000,2.000000,1.000000,0.000000,0.000000,2,0
flea-with-teeth_4,0.000000,0.000000,1.000000,0.000000,0.000000,0.000000,0.000000,1.000000,0.000000,1.000000,0.000000,0.000000,6.000000,0.000000,0.000000,0.000000,0,0
predator-with-hair_4,0.000000,1.000000,0.000000,0.000000,0.000000,0.000000,1.000000,0.000000,0.000000,0.000000,0.000000,0.000000,0.000000,0.000000,0.000000,0.000000,0,0
six-legged-aquatic-egg-layer_4,0.000000,0.000000,1.000000,0.000000,0.000000,1.000000,0.000000,0.000000,0.000000,0.000000,0.000000,0.000000,6.000000,0.000000,0.000000,0.000000,0,0
a_aardvark_4,1.000000,0.000000,0.000000,1.000000,0.000000,0.000000,1.000000,1.000000,1.000000,1.000000,0.000000,0.000000,4.000000,0.000000,0.000000,1.000000,1,0
a_antelope_4,1.000000,0.000000,0.000000,1.000000,0.000000,0.000000,0.000000,1.000000,1.000000,1.000000,0.000000,0.000000,4.000000,1.000000,0.000000,1.000000,1,0
a_bass_4,0.000000,0.000000,1.000000,0.000000,0.000000,1.000000,1.000000,1.000000,1.000000,0.000000,0.000000,1.000000,0.000000,1.000000,0.000000,0.000000,4,0
a_bear_4,1.000000,0.000000,0.000000,1.000000,0.000000,0.000000,1.000000,1.000000,1.000000,1.000000,0.000000,0.000000,4.000000,0.000000,0.000000,1.000000,1,0
a_boar_4,1.000000,0.000000,0.000000,1.000000,0.000000,0.000000,1.000000,1.000000,1.000000,1.000000,0.000000,0.000000,4.000000,1.000000,0.000000,1.000000,1,0
a_buffalo_4,1.000000,0.000000,0.000000,1.000000,0.000000,0.000000,0.000000,1.000000,1.000000,1.000000,0.000000,0.000000,4.000000,1.000000,0.000000,1.000000,1,0
a_calf_4,1.000000,0.000000,0.000000,1.000000,0.000000,0.000000,0.000000,1.000000,1.000000,1.000000,0.000000,0.000000,4.000000,1.000000,1.000000,1.000000,1,0
a_carp_4,0.000000,0.000000,1.000000,0.000000,0.000000,1.000000,0.000000,1.000000,1.000000,0.000000,0.000000,1.000000,0.000000,1.000000,1.000000,0.000000,4,0
a_catfish_4,0.000000,0.000000,1.000000,0.000000,0.000000,1.000000,1.000000,1.000000,1.000000,0.000000,0.000000,1.000000,0.000000,1.000000,0.000000,0.000000,4,0
